schemaVersion,recordType,startupName,pricingModel,source_name,source_url,collectedAt
1.0,PRODUCT,scrip-ai,FREE,AI-Tools-List (github),https://scripai.com,2026-09-15T12:11:35.237420Z
1.0,PRODUCT,quickads,PAID,AI-Tools-List (github),https://www.quickads.ai/,2026-09-15T12:11:35.044964Z
1.0,PRODUCT,wonderchat,FREEMIUM,AI-Tools-List (github),https://wonderchat.io,2026-09-15T12:11:35.284107Z
1.0,PRODUCT,creatosaurus,FREEMIUM,AI-Tools-List (github),https://www.creatosaurus.io,2026-09-15T12:11:35.455812Z
1.0,PRODUCT,blobr,PAID,AI-Tools-List (github),https://blobr.io,2026-09-15T12:11:35.196004Z
1.0,PRODUCT,pencil,PAID,AI-Tools-List (github),https://trypencil.com,2026-09-15T12:11:35.312904Z
1.0,PRODUCT,freeadcopy-com,FREE,AI-Tools-List (github),https://freeadcopy.com,2026-09-15T12:11:35.619462Z
1.0,PRODUCT,marpipe-com,PAID,AI-Tools-List (github),https://www.marpipe.com/schedule-ec,2026-09-15T12:11:35.485277Z
1.0,PRODUCT,omneky,PAID,AI-Tools-List (github),https://www.omneky.com,2026-09-15T12:11:35.319642Z
1.0,PRODUCT,kilo-ai,FREE,AI-Tools-List (github),https://kilocode.ai,2026-09-15T12:11:35.603559Z
1.0,PRODUCT,30characters,PAID,AI-Tools-List (github),https://30chars.com,2026-09-15T12:11:35.750977Z
1.0,PRODUCT,adbot-your-search-ads-specialist,FREEMIUM,AI-Tools-List (github),https://myadbot.com,2026-09-15T12:11:35.692386Z
1.0,PRODUCT,copycop,PAID,AI-Tools-List (github),https://copycopai.com,2026-09-15T12:11:35.772817Z
1.0,PRODUCT,adinspiration,PAID,AI-Tools-List (github),https://adinspiration.com,2026-09-15T12:11:35.855318Z
1.0,PRODUCT,engagexai,PAID,AI-Tools-List (github),https://engagexai.com/,2026-09-15T12:11:36.485174Z
1.0,PRODUCT,ai-suggests,PAID,AI-Tools-List (github),https://ai-suggests.com/,2026-09-15T12:11:36.383320Z
1.0,PRODUCT,adcopy-ai,PAID,AI-Tools-List (github),https://adcopy.ai,2026-09-15T12:11:36.769482Z
1.0,PRODUCT,creative-score,PAID,AI-Tools-List (github),https://creativescore.ai,2026-09-15T12:11:36.716074Z
1.0,PRODUCT,write-conch-ai,FREEMIUM,AI-Tools-List (github),https://www.writeconch.ai,2026-09-15T12:11:36.851164Z
1.0,PRODUCT,copyflow-pro,PAID,AI-Tools-List (github),https://www.copyflowpro.com,2026-09-15T12:11:36.889054Z
1.0,PRODUCT,ogilvy,FREEMIUM,AI-Tools-List (github),https://ogilvyapp.com,2026-09-15T12:11:36.699838Z
1.0,PRODUCT,salesboosta-com,FREEMIUM,AI-Tools-List (github),https://salesboosta.com,2026-09-15T12:11:37.068068Z
1.0,PRODUCT,ezra-ads,PAID,AI-Tools-List (github),https://www.heyezra.co,2026-09-15T12:11:37.101123Z
1.0,PRODUCT,ecomadpro,PAID,AI-Tools-List (github),https://Ecomadpro.com,2026-09-15T12:11:37.226887Z
1.0,PRODUCT,pixcanva,FREE,AI-Tools-List (github),https://www.pixcanva.com,2026-09-15T12:11:38.316699Z
1.0,PRODUCT,copywritergpt-io,FREEMIUM,AI-Tools-List (github),https://www.copywritergpt.io,2026-09-15T12:11:38.302988Z
1.0,PRODUCT,azameo-fr,PAID,AI-Tools-List (github),https://azameo.fr,2026-09-15T12:11:38.383712Z
1.0,PRODUCT,wordcopyai,PAID,AI-Tools-List (github),https://www.wordcopyai.com,2026-09-15T12:11:38.151179Z
1.0,PRODUCT,adgeneratorpro,PAID,AI-Tools-List (github),https://adgenerator.pro,2026-09-15T12:11:38.239169Z
1.0,PRODUCT,macbeth-ai,FREE,AI-Tools-List (github),https://macbeth.ai/,2026-09-15T12:11:38.281779Z
1.0,PRODUCT,adcopy,PAID,AI-Tools-List (github),https://www.adcopy.online,2026-09-15T12:11:41.320917Z
1.0,PRODUCT,isavantai,FREEMIUM,AI-Tools-List (github),https://isavant.ai/,2026-09-15T12:11:43.533671Z
1.0,PRODUCT,write-like-a-pro,FREE,AI-Tools-List (github),https://aicopymastery.com,2026-09-15T12:11:43.996103Z
1.0,PRODUCT,unbound,FREEMIUM,AI-Tools-List (github),http://unboundcontent.ai/,2026-09-15T12:11:44.001597Z
1.0,PRODUCT,powered-by-agency,PAID,AI-Tools-List (github),https://poweredby.agency,2026-09-15T12:11:44.305151Z
1.0,PRODUCT,luma-ai,FREEMIUM,AI-Tools-List (github),https://lumalabs.ai,2026-09-15T12:11:44.245645Z
1.0,PRODUCT,planner-5d,PAID,AI-Tools-List (github),https://planner5d.com/ai,2026-09-15T12:11:44.469652Z
1.0,PRODUCT,tripo-ai,FREEMIUM,AI-Tools-List (github),https://www.tripo3d.ai,2026-09-15T12:11:44.676844Z
1.0,PRODUCT,meshy,FREEMIUM,AI-Tools-List (github),https://app.meshy.ai,2026-09-15T12:11:44.788564Z
1.0,PRODUCT,iconscout,FREEMIUM,AI-Tools-List (github),https://iconscout.com,2026-09-15T12:11:44.935047Z
1.0,PRODUCT,stable-diffusion,FREE,AI-Tools-List (github),https://stability.ai,2026-09-15T12:11:46.390252Z
1.0,PRODUCT,rodin,FREEMIUM,AI-Tools-List (github),https://hyper3d.ai,2026-09-15T12:11:48.521970Z
1.0,PRODUCT,spline,FREE,AI-Tools-List (github),http://spline.design,2026-09-15T12:11:48.977387Z
1.0,PRODUCT,canny-autopilot,FREEMIUM,AI-Tools-List (github),https://canny.io/features/autopilot,2026-09-15T12:11:49.232835Z
1.0,PRODUCT,runcomfy,FREEMIUM,AI-Tools-List (github),https://www.runcomfy.com,2026-09-15T12:11:49.596572Z
1.0,PRODUCT,cgdream-ai,FREE,AI-Tools-List (github),https://cgdream.ai,2026-09-15T12:11:49.759487Z
1.0,PRODUCT,vizcom,FREEMIUM,AI-Tools-List (github),https://www.vizcom.ai,2026-09-15T12:11:50.072101Z
1.0,PRODUCT,pixcap-3d-illustration-pack,FREEMIUM,AI-Tools-List (github),https://pixcap.com,2026-09-15T12:11:50.212693Z
1.0,PRODUCT,pixcap-3d-animated-icons,PAID,AI-Tools-List (github),https://pixcap.com,2026-09-15T12:11:47.569895Z
1.0,PRODUCT,3d-ai-studio,PAID,AI-Tools-List (github),https://3daistudio.lemonsqueezy.com,2026-09-15T12:11:45.632036Z
1.0,PRODUCT,customuse-com,FREEMIUM,AI-Tools-List (github),https://customuse.com,2026-09-15T12:11:51.189536Z
1.0,PRODUCT,rosebud,FREEMIUM,AI-Tools-List (github),https://www.rosebud.ai,2026-09-15T12:11:51.592730Z
1.0,PRODUCT,pageon-ai,FREEMIUM,AI-Tools-List (github),https://www.pageon.ai,2026-09-15T12:11:52.951195Z
1.0,PRODUCT,alpha3d-io,FREEMIUM,AI-Tools-List (github),https://alpha3d.io,2026-09-15T12:11:53.626995Z
1.0,PRODUCT,sloyd,FREEMIUM,AI-Tools-List (github),https://www.sloyd.ai,2026-09-15T12:11:49.614025Z
1.0,PRODUCT,csm,ENTERPRISE,AI-Tools-List (github),https://csm.ai,2026-09-15T12:11:54.120899Z
1.0,PRODUCT,avaturn-me,FREEMIUM,AI-Tools-List (github),https://avaturn.me,2026-09-15T12:11:54.930939Z
1.0,PRODUCT,kaedim,FREEMIUM,AI-Tools-List (github),https://www.kaedim3d.com,2026-09-15T12:11:54.951438Z
1.0,PRODUCT,modelslab-ai,FREEMIUM,AI-Tools-List (github),https://modelslab.com,2026-09-15T12:11:55.261022Z
1.0,PRODUCT,ludo-ai,FREEMIUM,AI-Tools-List (github),https://ludo.ai,2026-09-15T12:11:55.554192Z
1.0,PRODUCT,opus,FREEMIUM,AI-Tools-List (github),https://opus.ai,2026-09-15T12:11:55.729601Z
1.0,PRODUCT,backflip-ai,PAID,AI-Tools-List (github),https://backflip.ai,2026-09-15T12:11:51.726789Z
1.0,PRODUCT,aihouse-com,PAID,AI-Tools-List (github),https://aihouse.com,2026-09-15T12:11:56.636259Z
1.0,PRODUCT,aihouse,FREEMIUM,AI-Tools-List (github),https://www.aihouse.com,2026-09-15T12:11:56.785954Z
1.0,PRODUCT,mappedin-com,ENTERPRISE,AI-Tools-List (github),https://mappedin.com,2026-09-15T12:11:58.306577Z
1.0,PRODUCT,leiapix-ai,PAID,AI-Tools-List (github),https://leiapix-ai.com,2026-09-15T12:11:58.493655Z
1.0,PRODUCT,synthesis-ai,PAID,AI-Tools-List (github),https://synthesis.ai,2026-09-15T12:11:59.107309Z
1.0,PRODUCT,getfloorplan,PAID,AI-Tools-List (github),https://getfloorplan.com,2026-09-15T12:11:59.940635Z
1.0,PRODUCT,arcadium,FREEMIUM,AI-Tools-List (github),https://arcadium3D.com,2026-09-15T12:11:59.967680Z
1.0,PRODUCT,avatar-one,FREEMIUM,AI-Tools-List (github),https://www.avatar.one/,2026-09-15T12:12:01.934607Z
1.0,PRODUCT,seapik-ai,FREEMIUM,AI-Tools-List (github),https://seapik.com,2026-09-15T12:12:04.714739Z
1.0,PRODUCT,radical,PAID,AI-Tools-List (github),https://www.radicalmotion.com,2026-09-15T12:11:56.300951Z
1.0,PRODUCT,masterpiece-x-generate,FREEMIUM,AI-Tools-List (github),https://www.masterpiecex.com,2026-09-15T12:12:05.143710Z
1.0,PRODUCT,styldod,FREEMIUM,AI-Tools-List (github),https://styldod.refr.cc/toolify,2026-09-15T12:12:05.348848Z
1.0,PRODUCT,photogenius-ai,FREEMIUM,AI-Tools-List (github),https://photogenius.ai,2026-09-15T12:12:05.394262Z
1.0,PRODUCT,scout-by-asseter-ai,FREEMIUM,AI-Tools-List (github),https://scout.asseter.ai/,2026-09-15T12:12:07.172356Z
1.0,PRODUCT,ai-face-studio,FREEMIUM,AI-Tools-List (github),https://aiface.studio,2026-09-15T12:12:07.491193Z
1.0,PRODUCT,trellis-3d-ai,FREEMIUM,AI-Tools-List (github),https://trellis3d.co,2026-09-15T12:12:07.651904Z
1.0,PRODUCT,3daily,PAID,AI-Tools-List (github),https://3daily.ai,2026-09-15T12:12:02.416715Z
1.0,PRODUCT,charmed-ai-texture-generator,FREE,AI-Tools-List (github),https://charmed.ai,2026-09-15T12:12:00.495992Z
1.0,PRODUCT,masterpiece-studio,FREEMIUM,AI-Tools-List (github),https://masterpiecestudio.com,2026-09-15T12:12:07.535116Z
1.0,PRODUCT,laprompt,PAID,AI-Tools-List (github),https://laprompt.com,2026-09-15T12:12:04.589317Z
1.0,PRODUCT,3dlogoai,FREEMIUM,AI-Tools-List (github),https://www.3dlogoai.com,2026-09-15T12:12:07.128152Z
1.0,PRODUCT,blueberry-ai,PAID,AI-Tools-List (github),https://www.blueberry-ai.com,2026-09-15T12:12:09.300279Z
1.0,PRODUCT,genie-2,FREE,AI-Tools-List (github),https://playgenieai.com,2026-09-15T12:12:09.338031Z
1.0,PRODUCT,brickcenter,FREEMIUM,AI-Tools-List (github),https://www.brickcenter.net,2026-09-15T12:12:13.795039Z
1.0,PRODUCT,magiscan-ai-3d-scanner-app,FREEMIUM,AI-Tools-List (github),https://magiscan.app,2026-09-15T12:12:13.905655Z
1.0,PRODUCT,opalai-scanto3d,FREEMIUM,AI-Tools-List (github),https://www.opal-ai.com,2026-09-15T12:12:14.239836Z
1.0,PRODUCT,123kanfang-com,PAID,AI-Tools-List (github),https://123kanfang.com,2026-09-15T12:12:11.822818Z
1.0,PRODUCT,zolak,PAID,AI-Tools-List (github),https://zolak.tech,2026-09-15T12:12:11.955706Z
1.0,PRODUCT,gnucleus-ai,FREEMIUM,AI-Tools-List (github),https://www.gnucleus.ai,2026-09-15T12:12:16.466528Z
1.0,PRODUCT,drawings-alive,FREEMIUM,AI-Tools-List (github),https://drawingsalive.com,2026-09-15T12:12:16.382296Z
1.0,PRODUCT,instant3d-ai,FREEMIUM,AI-Tools-List (github),https://instant3d.ai,2026-09-15T12:12:16.252100Z
1.0,PRODUCT,pixelvibe-com,PAID,AI-Tools-List (github),https://pixelvibe.com,2026-09-15T12:12:13.701542Z
1.0,PRODUCT,lumiere-3d-ai,PAID,AI-Tools-List (github),https://www.lumiere3d.ai,2026-09-15T12:12:14.232990Z
1.0,PRODUCT,voge,FREEMIUM,AI-Tools-List (github),https://metabrixlab.com,2026-09-15T12:12:18.670601Z
1.0,PRODUCT,sketchpro-ai,FREEMIUM,AI-Tools-List (github),https://sketchpro.ai,2026-09-15T12:12:20.495027Z
1.0,PRODUCT,snapmeasureai,ENTERPRISE,AI-Tools-List (github),https://snapmeasureai.com,2026-09-15T12:12:18.258281Z
1.0,PRODUCT,kanai,PAID,AI-Tools-List (github),https://kanai.ai,2026-09-15T12:12:16.393229Z
1.0,PRODUCT,movmi-ai-powered-motion-capture,FREE,AI-Tools-List (github),https://movmi.co,2026-09-15T12:12:20.838598Z
1.0,PRODUCT,thecela-com,FREEMIUM,AI-Tools-List (github),https://thecela.com,2026-09-15T12:12:22.771054Z
1.0,PRODUCT,mineflow-yc-s24,FREEMIUM,AI-Tools-List (github),http://mineflow.ai,2026-09-15T12:12:23.007526Z
1.0,PRODUCT,photog,FREEMIUM,AI-Tools-List (github),https://photog.art,2026-09-15T12:12:23.202871Z
1.0,PRODUCT,snowpixel-app,FREEMIUM,AI-Tools-List (github),https://snowpixel.app,2026-09-15T12:12:25.480585Z
1.0,PRODUCT,glyf-3d-ai-art-generator,FREEMIUM,AI-Tools-List (github),https://glyf.in,2026-09-15T12:12:25.001045Z
1.0,PRODUCT,brick-generator,FREEMIUM,AI-Tools-List (github),https://brickgenerator.com,2026-09-15T12:12:25.148483Z
1.0,PRODUCT,suapp-ai,PAID,AI-Tools-List (github),https://suapp.ai,2026-09-15T12:12:20.790559Z
1.0,PRODUCT,gentype-io,FREEMIUM,AI-Tools-List (github),https://gentype.lemonsqueezy.com,2026-09-15T12:12:27.409822Z
1.0,PRODUCT,copernicai,PAID,AI-Tools-List (github),https://copernicai.com,2026-09-15T12:12:23.112196Z
1.0,PRODUCT,hyra,PAID,AI-Tools-List (github),https://www.hyravision.com,2026-09-15T12:12:28.110601Z
1.0,PRODUCT,diverseshot,FREE,AI-Tools-List (github),https://www.diverseshot.com,2026-09-15T12:12:30.063568Z
1.0,PRODUCT,stable-fast-3d-sf3d,FREE,AI-Tools-List (github),https://www.stablefast3d.com,2026-09-15T12:12:25.274167Z
1.0,PRODUCT,draw3d,FREEMIUM,AI-Tools-List (github),https://draw3d.lemonsqueezy.com/,2026-09-15T12:12:31.893811Z
1.0,PRODUCT,heroify,FREEMIUM,AI-Tools-List (github),https://heroify.lol,2026-09-15T12:12:31.769686Z
1.0,PRODUCT,style3d-ai,FREEMIUM,AI-Tools-List (github),https://www.style3d.ai,2026-09-15T12:12:31.776826Z
1.0,PRODUCT,lovers-ai,FREEMIUM,AI-Tools-List (github),https://www.theloversai.co.in,2026-09-15T12:12:27.724857Z
1.0,PRODUCT,stable-video-3d,PAID,AI-Tools-List (github),https://stablevideo3d.com,2026-09-15T12:12:29.713541Z
1.0,PRODUCT,nak3d,PAID,AI-Tools-List (github),https://nak3d.xyz,2026-09-15T12:12:34.580815Z
1.0,PRODUCT,jeeliz-com,FREEMIUM,AI-Tools-List (github),https://jeeliz.com,2026-09-15T12:12:34.071490Z
1.0,PRODUCT,ai-powered-3d-marketplace,FREEMIUM,AI-Tools-List (github),https://marketplace.kaedim3d.com,2026-09-15T12:12:32.153007Z
1.0,PRODUCT,meshcapade-me,FREEMIUM,AI-Tools-List (github),http://meshcapade.me,2026-09-15T12:12:36.472579Z
1.0,PRODUCT,sv3d-online,FREEMIUM,AI-Tools-List (github),https://sv3d.online,2026-09-15T12:12:36.906774Z
1.0,PRODUCT,mondial3d-ai-3d-model-generator,FREEMIUM,AI-Tools-List (github),https://www.mondial3d.com,2026-09-15T12:12:36.746557Z
1.0,PRODUCT,triorama-ai,FREEMIUM,AI-Tools-List (github),https://triorama.ai,2026-09-15T12:12:38.903570Z
1.0,PRODUCT,psychoroid-com,FREE,AI-Tools-List (github),https://psychoroid.com,2026-09-15T12:12:34.320166Z
1.0,PRODUCT,latent-labs,PAID,AI-Tools-List (github),https://www.latentlabs.art,2026-09-15T12:12:36.510463Z
1.0,PRODUCT,g3dai-jedi,FREEMIUM,AI-Tools-List (github),https://g3d.ai,2026-09-15T12:12:38.857446Z
1.0,PRODUCT,worlds-beyond,FREEMIUM,AI-Tools-List (github),https://worldsbeyondnft.com,2026-09-15T12:12:41.624413Z
1.0,PRODUCT,kirin,PAID,AI-Tools-List (github),https://www.kirin3d.com,2026-09-15T12:12:38.698902Z
1.0,PRODUCT,imagineai-by-magus-gg,FREEMIUM,AI-Tools-List (github),https://magus.gg,2026-09-15T12:12:43.506519Z
1.0,PRODUCT,character-design-by-museclip,FREEMIUM,AI-Tools-List (github),https://museclip.ai/characterRealTime,2026-09-15T12:12:43.518651Z
1.0,PRODUCT,trulience-com,FREEMIUM,AI-Tools-List (github),https://trulience.com,2026-09-15T12:12:41.451330Z
1.0,PRODUCT,atlas-3d-ai,FREEMIUM,AI-Tools-List (github),https://atlas.design,2026-09-15T12:12:45.956264Z
1.0,PRODUCT,wordcraft3d,FREEMIUM,AI-Tools-List (github),https://app.wordcraft3d.greenrobot.com,2026-09-15T12:12:45.844370Z
1.0,PRODUCT,idjpg-com,FREEMIUM,AI-Tools-List (github),https://idjpg.com,2026-09-15T12:12:45.885249Z
1.0,PRODUCT,imrsivo,FREEMIUM,AI-Tools-List (github),https://imrsivo.com,2026-09-15T12:12:43.593102Z
1.0,PRODUCT,konfiwear,FREEMIUM,AI-Tools-List (github),https://konfiwear.com,2026-09-15T12:12:43.995305Z
1.0,PRODUCT,izanamiai,FREEMIUM,AI-Tools-List (github),https://izanami.ai,2026-09-15T12:12:48.007466Z
1.0,PRODUCT,birble-ai-dashboard,PAID,AI-Tools-List (github),https://BirbleAI.com,2026-09-15T12:12:48.478857Z
1.0,PRODUCT,censored-ai,FREEMIUM,AI-Tools-List (github),https://censoredai.app,2026-09-15T12:12:50.302395Z
1.0,PRODUCT,masterpiecevr-com,PAID,AI-Tools-List (github),https://masterpiecevr.com,2026-09-15T12:12:46.106324Z
1.0,PRODUCT,xspiral,FREEMIUM,AI-Tools-List (github),https://www.xspiral.com,2026-09-15T12:12:48.119696Z
1.0,PRODUCT,2frames-app,FREEMIUM,AI-Tools-List (github),https://2frames.app,2026-09-15T12:12:50.600557Z
1.0,PRODUCT,guekn,FREEMIUM,AI-Tools-List (github),https://guekn.com,2026-09-15T12:12:52.646866Z
1.0,PRODUCT,neural4d,PAID,AI-Tools-List (github),https://www.neural4d.com,2026-09-15T12:12:50.662994Z
1.0,PRODUCT,textto3d,FREE,AI-Tools-List (github),https://text-to-3d.app,2026-09-15T12:12:52.941148Z
1.0,PRODUCT,showbiz-ai,FREEMIUM,AI-Tools-List (github),https://showbizai.com,2026-09-15T12:12:54.749673Z
1.0,PRODUCT,oven-ai,FREEMIUM,AI-Tools-List (github),https://oveners.com,2026-09-15T12:12:54.876476Z
1.0,PRODUCT,imagerest-all-in-one-al-image-platform,FREEMIUM,AI-Tools-List (github),https://imagerest.com,2026-09-15T12:12:52.774818Z
1.0,PRODUCT,pristina-ai-render-realism-fast,FREEMIUM,AI-Tools-List (github),https://www.pristina.ai,2026-09-15T12:12:55.075858Z
1.0,PRODUCT,sheliapp,FREE,AI-Tools-List (github),https://www.sheli.app,2026-09-15T12:12:58.464045Z
1.0,PRODUCT,arrival,PAID,AI-Tools-List (github),https://arrival.so,2026-09-15T12:12:55.150275Z
1.0,PRODUCT,dimensionlabs,FREEMIUM,AI-Tools-List (github),https://dimensionlabs.app,2026-09-15T12:13:00.212282Z
1.0,PRODUCT,vaivr,FREEMIUM,AI-Tools-List (github),https://vaivr.ai,2026-09-15T12:12:59.847312Z
1.0,PRODUCT,hunyuan3d-2-0,FREE,AI-Tools-List (github),https://3d-models.hunyuan.tencent.com,2026-09-15T12:12:57.367755Z
1.0,PRODUCT,meshifai,FREEMIUM,AI-Tools-List (github),http://meshifai.com,2026-09-15T12:13:01.910360Z
1.0,PRODUCT,bevelify,FREEMIUM,AI-Tools-List (github),https://bevelify.com,2026-09-15T12:13:02.107020Z
1.0,PRODUCT,nom3d-studio,PAID,AI-Tools-List (github),https://nom3d.studio,2026-09-15T12:12:59.951010Z
1.0,PRODUCT,ai-doll,FREEMIUM,AI-Tools-List (github),https://ai-doll.app,2026-09-15T12:13:02.192329Z
1.0,PRODUCT,visionar-visualize-your-creations,FREEMIUM,AI-Tools-List (github),https://www.visionar.dev,2026-09-15T12:13:04.572494Z
1.0,PRODUCT,altpage-ai,FREEMIUM,AI-Tools-List (github),https://www.altpage.ai,2026-09-15T12:13:04.451808Z
1.0,PRODUCT,thomson-reuters,ENTERPRISE,AI-Tools-List (github),https://www.thomsonreuters.com,2026-09-15T12:13:06.768221Z
1.0,PRODUCT,mathgpt-ai-math-solver-animator,FREEMIUM,AI-Tools-List (github),https://math-gpt.org,2026-09-15T12:13:06.979695Z
1.0,PRODUCT,nume,PAID,AI-Tools-List (github),https://www.nume.finance/,2026-09-15T12:13:04.534990Z
1.0,PRODUCT,nanonets,PAID,AI-Tools-List (github),https://nanonets.com,2026-09-15T12:13:08.970552Z
1.0,PRODUCT,insightsoftware,FREEMIUM,AI-Tools-List (github),https://insightsoftware.com,2026-09-15T12:13:08.744538Z
1.0,PRODUCT,accountable-de,FREEMIUM,AI-Tools-List (github),https://accountable.de,2026-09-15T12:13:02.114773Z
1.0,PRODUCT,intapp,ENTERPRISE,AI-Tools-List (github),https://www.intapp.com,2026-09-15T12:13:11.228513Z
1.0,PRODUCT,docuclipper,PAID,AI-Tools-List (github),https://www.docuclipper.com,2026-09-15T12:13:06.717348Z
1.0,PRODUCT,taxgpt-com,FREEMIUM,AI-Tools-List (github),https://taxgpt.com,2026-09-15T12:13:10.708488Z
1.0,PRODUCT,taxgpt,PAID,AI-Tools-List (github),https://www.taxgpt.com,2026-09-15T12:13:09.133360Z
1.0,PRODUCT,syft-assist-ai,FREEMIUM,AI-Tools-List (github),https://www.syftanalytics.com,2026-09-15T12:13:13.095339Z
1.0,PRODUCT,kick,FREEMIUM,AI-Tools-List (github),https://kick.co,2026-09-15T12:13:13.601472Z
1.0,PRODUCT,agree-com,PAID,AI-Tools-List (github),https://agree.com,2026-09-15T12:13:15.626195Z
1.0,PRODUCT,zeni-ai,FREEMIUM,AI-Tools-List (github),https://zeni.ai,2026-09-15T12:13:15.346143Z
1.0,PRODUCT,formx-ai,FREEMIUM,AI-Tools-List (github),https://www.formx.ai,2026-09-15T12:13:15.470132Z
1.0,PRODUCT,pump,FREEMIUM,AI-Tools-List (github),https://www.pump.co/,2026-09-15T12:13:13.559053Z
1.0,PRODUCT,rossum-ai,ENTERPRISE,AI-Tools-List (github),https://rossum.ai,2026-09-15T12:13:17.939154Z
1.0,PRODUCT,tutoreva-campus-ai-study-help,FREEMIUM,AI-Tools-List (github),https://www.tutoreva.com,2026-09-15T12:13:17.702285Z
1.0,PRODUCT,tutoreva,PAID,AI-Tools-List (github),https://tutoreva.com,2026-09-15T12:13:11.207559Z
1.0,PRODUCT,affinda-com,PAID,AI-Tools-List (github),https://affinda.com,2026-09-15T12:13:20.253485Z
1.0,PRODUCT,receiptor-ai,FREEMIUM,AI-Tools-List (github),https://receiptor.ai,2026-09-15T12:13:19.841309Z
1.0,PRODUCT,mindbridge-ai,ENTERPRISE,AI-Tools-List (github),https://mindbridge.ai,2026-09-15T12:13:15.648299Z
1.0,PRODUCT,yokoy-io,ENTERPRISE,AI-Tools-List (github),https://yokoy.io,2026-09-15T12:13:22.630413Z
1.0,PRODUCT,digits-accounting-reimagined,FREEMIUM,AI-Tools-List (github),https://digits.com,2026-09-15T12:13:22.390196Z
1.0,PRODUCT,financegpt,PAID,AI-Tools-List (github),https://financegpt.uk,2026-09-15T12:13:17.878733Z
1.0,PRODUCT,clienthub-app,ENTERPRISE,AI-Tools-List (github),https://clienthub.app,2026-09-15T12:13:20.141650Z
1.0,PRODUCT,leasecake,PAID,AI-Tools-List (github),https://www.leasecake.com,2026-09-15T12:13:24.794583Z
1.0,PRODUCT,osfin-ai,FREEMIUM,AI-Tools-List (github),https://osfin.ai,2026-09-15T12:13:24.335743Z
1.0,PRODUCT,algodocs,PAID,AI-Tools-List (github),https://www.algodocs.com,2026-09-15T12:13:22.179442Z
1.0,PRODUCT,appzen-com,FREEMIUM,AI-Tools-List (github),https://appzen.com,2026-09-15T12:13:26.589017Z
1.0,PRODUCT,marcus-your-ai-billing-agent,PAID,AI-Tools-List (github),https://trymesha.com,2026-09-15T12:13:27.070841Z
1.0,PRODUCT,uprise-embedded,ENTERPRISE,AI-Tools-List (github),https://uprise.us,2026-09-15T12:13:24.340130Z
1.0,PRODUCT,finvi-com,FREEMIUM,AI-Tools-List (github),https://finvi.com,2026-09-15T12:13:28.666086Z
1.0,PRODUCT,chargezoom-com,FREEMIUM,AI-Tools-List (github),https://chargezoom.com,2026-09-15T12:13:28.739743Z
1.0,PRODUCT,receipt-ai-for-startup,FREEMIUM,AI-Tools-List (github),https://receipt-ai.com,2026-09-15T12:13:26.895161Z
1.0,PRODUCT,skwad,FREE,AI-Tools-List (github),https://skwad.app,2026-09-15T12:13:31.310328Z
1.0,PRODUCT,trezy,FREEMIUM,AI-Tools-List (github),https://www.trezy.io,2026-09-15T12:13:31.108726Z
1.0,PRODUCT,arte,FREE,AI-Tools-List (github),https://www.deferred.com/real-estate-tax-chatbot,2026-09-15T12:13:28.907654Z
1.0,PRODUCT,deferred,FREE,AI-Tools-List (github),https://www.deferred.com,2026-09-15T12:13:29.104164Z
1.0,PRODUCT,cpa-pilot,FREEMIUM,AI-Tools-List (github),https://www.cpapilot.com,2026-09-15T12:13:33.260588Z
1.0,PRODUCT,cradl-ai,FREEMIUM,AI-Tools-List (github),https://www.cradl.ai,2026-09-15T12:13:33.519802Z
1.0,PRODUCT,patterns,FREEMIUM,AI-Tools-List (github),https://www.patterns.app,2026-09-15T12:13:35.551672Z
1.0,PRODUCT,iota,FREEMIUM,AI-Tools-List (github),https://www.iota.uz/en,2026-09-15T12:13:36.834112Z
1.0,PRODUCT,quanta,PAID,AI-Tools-List (github),https://www.usequanta.com,2026-09-15T12:13:31.251439Z
1.0,PRODUCT,monai,FREE,AI-Tools-List (github),https://get-monai.app,2026-09-15T12:13:33.369787Z
1.0,PRODUCT,taxly-ai,FREE,AI-Tools-List (github),https://taxly.ai,2026-09-15T12:13:35.656758Z
1.0,PRODUCT,vuala-1-0,PAID,AI-Tools-List (github),https://vualapp.com,2026-09-15T12:13:38.346449Z
1.0,PRODUCT,freeday-ai,ENTERPRISE,AI-Tools-List (github),https://www.freeday.ai,2026-09-15T12:13:35.882358Z
1.0,PRODUCT,ai-bookkeeping,FREEMIUM,AI-Tools-List (github),https://bookeeping.ai,2026-09-15T12:13:40.379865Z
1.0,PRODUCT,bookeeping-ai,FREEMIUM,AI-Tools-List (github),https://bookeeping.ai/,2026-09-15T12:13:41.079089Z
1.0,PRODUCT,procys,PAID,AI-Tools-List (github),https://procys.com,2026-09-15T12:13:38.002590Z
1.0,PRODUCT,mesh,FREEMIUM,AI-Tools-List (github),https://www.usemesh.com,2026-09-15T12:13:43.125588Z
1.0,PRODUCT,nuvio,FREEMIUM,AI-Tools-List (github),https://www.nuvio.io,2026-09-15T12:13:43.034517Z
1.0,PRODUCT,ledgerbox,PAID,AI-Tools-List (github),https://ledgerbox.io,2026-09-15T12:13:40.456791Z
1.0,PRODUCT,rocket-statements,PAID,AI-Tools-List (github),https://www.rocketstatements.com,2026-09-15T12:13:40.854004Z
1.0,PRODUCT,zapro-ai,PAID,AI-Tools-List (github),https://zapro.ai,2026-09-15T12:13:45.221890Z
1.0,PRODUCT,ai-search-by-mesha,FREEMIUM,AI-Tools-List (github),https://www.mesha.club,2026-09-15T12:13:45.327416Z
1.0,PRODUCT,credibl-esg,ENTERPRISE,AI-Tools-List (github),https://www.crediblesg.com,2026-09-15T12:13:42.740168Z
1.0,PRODUCT,kili,PAID,AI-Tools-List (github),https://www.kili.so,2026-09-15T12:13:43.086304Z
1.0,PRODUCT,cc-monet-home,PAID,AI-Tools-List (github),https://www.ccmonet.ai,2026-09-15T12:13:44.966275Z
1.0,PRODUCT,entendre-finance,FREEMIUM,AI-Tools-List (github),https://entendre.finance,2026-09-15T12:13:47.145936Z
1.0,PRODUCT,inbuild,ENTERPRISE,AI-Tools-List (github),https://www.inbuild.ai,2026-09-15T12:13:49.698252Z
1.0,PRODUCT,getinvoice,FREEMIUM,AI-Tools-List (github),https://www.get-invoice.com,2026-09-15T12:13:49.610424Z
1.0,PRODUCT,mej-erp-ai,ENTERPRISE,AI-Tools-List (github),https://mejerpai.com,2026-09-15T12:13:47.393345Z
1.0,PRODUCT,snaptobook,FREEMIUM,AI-Tools-List (github),https://www.snaptobook.com,2026-09-15T12:13:52.188764Z
1.0,PRODUCT,unitedtax-ai,FREEMIUM,AI-Tools-List (github),https://unitedtax.ai,2026-09-15T12:13:51.632626Z
1.0,PRODUCT,recordme,FREEMIUM,AI-Tools-List (github),https://recordme.ai,2026-09-15T12:13:51.643756Z
1.0,PRODUCT,received,ENTERPRISE,AI-Tools-List (github),https://received.ai,2026-09-15T12:13:49.594771Z
1.0,PRODUCT,finance-brain,FREE,AI-Tools-List (github),https://financebrain.ai,2026-09-15T12:13:54.274256Z
1.0,PRODUCT,ever-efficient-ai,FREEMIUM,AI-Tools-List (github),https://everefficient.ai,2026-09-15T12:13:53.914945Z
1.0,PRODUCT,tango-ai,FREEMIUM,AI-Tools-List (github),https://www.tangoagreements.com,2026-09-15T12:13:51.765135Z
1.0,PRODUCT,invoice-matchpoint-by-dodocs-ai,PAID,AI-Tools-List (github),https://dodocs.ai,2026-09-15T12:13:56.411677Z
1.0,PRODUCT,bank-statement-converter,FREE,AI-Tools-List (github),https://bankstatementconverter.org,2026-09-15T12:13:58.670515Z
1.0,PRODUCT,fortune,FREEMIUM,AI-Tools-List (github),https://www.fortune.app,2026-09-15T12:13:58.171900Z
1.0,PRODUCT,assist-biz,FREEMIUM,AI-Tools-List (github),https://www.assist.biz,2026-09-15T12:13:58.206407Z
1.0,PRODUCT,financial-fusion,PAID,AI-Tools-List (github),https://financialfusion.io,2026-09-15T12:13:54.270050Z
1.0,PRODUCT,backdrop,PAID,AI-Tools-List (github),https://www.joinbackdrop.com,2026-09-15T12:13:56.435187Z
1.0,PRODUCT,mrgn,PAID,AI-Tools-List (github),https://mrgn.ai,2026-09-15T12:14:00.880016Z
1.0,PRODUCT,insightai,FREEMIUM,AI-Tools-List (github),https://insightai.in,2026-09-15T12:14:00.941243Z
1.0,PRODUCT,turbodoc,PAID,AI-Tools-List (github),https://turbodoc.io,2026-09-15T12:13:58.531169Z
1.0,PRODUCT,kerno-start,PAID,AI-Tools-List (github),https://www.kerno.ch,2026-09-15T12:14:03.862033Z
1.0,PRODUCT,bank-statement-convert,FREEMIUM,AI-Tools-List (github),https://bankstatementconvert.com,2026-09-15T12:14:02.915960Z
1.0,PRODUCT,adam,PAID,AI-Tools-List (github),https://interval-ai.com,2026-09-15T12:14:06.016037Z
1.0,PRODUCT,ai-accounting-apps,FREEMIUM,AI-Tools-List (github),https://www.aiaccountingapps.com,2026-09-15T12:14:05.040285Z
1.0,PRODUCT,zeeinvoices,FREE,AI-Tools-List (github),https://zeeinvoices.com,2026-09-15T12:14:00.736286Z
1.0,PRODUCT,oly-ai,PAID,AI-Tools-List (github),https://www.oly.ai,2026-09-15T12:14:02.904478Z
1.0,PRODUCT,pennyflo,PAID,AI-Tools-List (github),https://www.pennyflo.io,2026-09-15T12:14:07.648295Z
1.0,PRODUCT,serina,FREEMIUM,AI-Tools-List (github),https://www.serina.ai,2026-09-15T12:14:07.405431Z
1.0,PRODUCT,reform,ENTERPRISE,AI-Tools-List (github),https://reformhq.com,2026-09-15T12:14:05.407755Z
1.0,PRODUCT,documentpro,FREEMIUM,AI-Tools-List (github),https://www.documentpro.ai,2026-09-15T12:14:09.464962Z
1.0,PRODUCT,spendtally,FREEMIUM,AI-Tools-List (github),https://spendtally.com,2026-09-15T12:14:09.502931Z
1.0,PRODUCT,homeworkify,FREE,AI-Tools-List (github),https://homeworkifyy.net,2026-09-15T12:14:07.563770Z
1.0,PRODUCT,accountingsolverai,FREE,AI-Tools-List (github),https://accountingsolver.com,2026-09-15T12:14:09.855786Z
1.0,PRODUCT,invoice-box-发票盒子,FREEMIUM,AI-Tools-List (github),https://www.fapiaohezi.com,2026-09-15T12:14:12.985974Z
1.0,PRODUCT,ontariosystems-com,PAID,AI-Tools-List (github),https://ontariosystems.com,2026-09-15T12:14:09.694949Z
1.0,PRODUCT,tribearc,FREEMIUM,AI-Tools-List (github),https://tribearc.com,2026-09-15T12:14:12.713844Z
1.0,PRODUCT,facturasaexcel,FREEMIUM,AI-Tools-List (github),https://facturasaexcel.com,2026-09-15T12:14:15.066246Z
1.0,PRODUCT,decodebills,FREE,AI-Tools-List (github),https://www.decodebills.com,2026-09-15T12:14:17.287935Z
1.0,PRODUCT,midaflow,FREEMIUM,AI-Tools-List (github),https://www.midaflow.com,2026-09-15T12:14:16.978890Z
1.0,PRODUCT,tablebits-by-lensell,FREEMIUM,AI-Tools-List (github),https://www.tablebitsonline.com,2026-09-15T12:14:17.073864Z
1.0,PRODUCT,billie,PAID,AI-Tools-List (github),https://getbillie.app,2026-09-15T12:14:12.670947Z
1.0,PRODUCT,receipt-cat,FREEMIUM,AI-Tools-List (github),https://www.receiptcat.com,2026-09-15T12:14:14.586598Z
1.0,PRODUCT,mest,FREE,AI-Tools-List (github),https://mest.io,2026-09-15T12:14:15.034822Z
1.0,PRODUCT,buildkeeper,FREEMIUM,AI-Tools-List (github),https://buildkeeper.co,2026-09-15T12:14:19.835649Z
1.0,PRODUCT,expensee,FREEMIUM,AI-Tools-List (github),https://expensee.app,2026-09-15T12:14:21.580056Z
1.0,PRODUCT,ai-reviews,FREEMIUM,AI-Tools-List (github),https://wereviews.co,2026-09-15T12:14:21.587655Z
1.0,PRODUCT,spendsights,FREEMIUM,AI-Tools-List (github),https://spendsights.in,2026-09-15T12:14:21.594347Z
1.0,PRODUCT,fdo-ai,FREEMIUM,AI-Tools-List (github),https://fdo.ai,2026-09-15T12:14:17.053181Z
1.0,PRODUCT,expense-sorted,FREEMIUM,AI-Tools-List (github),https://www.expensesorted.com,2026-09-15T12:14:21.915475Z
1.0,PRODUCT,myiq-ai,PAID,AI-Tools-List (github),https://www.myiq.ai,2026-09-15T12:14:24.015423Z
1.0,PRODUCT,harriet-ai,PAID,AI-Tools-List (github),https://www.harrietcfo.com,2026-09-15T12:14:19.539115Z
1.0,PRODUCT,billy-ai-invoicing-made-effortless,FREEMIUM,AI-Tools-List (github),https://getbilly.co,2026-09-15T12:14:26.136141Z
1.0,PRODUCT,gpt-hero,FREEMIUM,AI-Tools-List (github),https://www.gpt-hero.io,2026-09-15T12:14:21.804538Z
1.0,PRODUCT,eveski,FREEMIUM,AI-Tools-List (github),https://www.eveski.com,2026-09-15T12:14:29.424718Z
1.0,PRODUCT,simpla-ai,FREEMIUM,AI-Tools-List (github),https://www.simpla.ai,2026-09-15T12:14:28.524895Z
1.0,PRODUCT,getpersona-app,FREEMIUM,AI-Tools-List (github),https://getpersona.app,2026-09-15T12:14:28.283742Z
1.0,PRODUCT,chartx-ai,ENTERPRISE,AI-Tools-List (github),https://chartx.ai,2026-09-15T12:14:24.610701Z
1.0,PRODUCT,easygoing,FREEMIUM,AI-Tools-List (github),https://easydo.ing,2026-09-15T12:14:24.195167Z
1.0,PRODUCT,myinvoicer,FREE,AI-Tools-List (github),https://myinvoicer.app,2026-09-15T12:14:26.307540Z
1.0,PRODUCT,receiptify,FREEMIUM,AI-Tools-List (github),https://receiptify.ai,2026-09-15T12:14:30.808587Z
1.0,PRODUCT,proco,FREEMIUM,AI-Tools-List (github),https://proconow.co,2026-09-15T12:14:30.421497Z
1.0,PRODUCT,slayed-ai,PAID,AI-Tools-List (github),http://slayed.ai,2026-09-15T12:14:28.645865Z
1.0,PRODUCT,ence,FREEMIUM,AI-Tools-List (github),https://ence.in,2026-09-15T12:14:32.755484Z
1.0,PRODUCT,fincheck-by-trezy,FREEMIUM,AI-Tools-List (github),https://fincheck.trezy.io,2026-09-15T12:14:33.193515Z
1.0,PRODUCT,learnex-ai,PAID,AI-Tools-List (github),https://www.learnexai.com,2026-09-15T12:14:30.790484Z
1.0,PRODUCT,yapayzeka-net,FREE,AI-Tools-List (github),https://yapayzeka.net,2026-09-15T12:14:33.244694Z
1.0,PRODUCT,splitparty,FREEMIUM,AI-Tools-List (github),https://splitparty.co,2026-09-15T12:14:32.958532Z
1.0,PRODUCT,the-freelance-app,FREEMIUM,AI-Tools-List (github),https://www.thefreelance.app,2026-09-15T12:14:35.535108Z
1.0,PRODUCT,hexar-ai,FREEMIUM,AI-Tools-List (github),https://hexarai.com,2026-09-15T12:14:37.230774Z
1.0,PRODUCT,invoiceocr,FREEMIUM,AI-Tools-List (github),https://www.invoiceocr.net,2026-09-15T12:14:38.221455Z
1.0,PRODUCT,paygenie,PAID,AI-Tools-List (github),https://www.paygenie.co,2026-09-15T12:14:35.063645Z
1.0,PRODUCT,ai-pdf-bank-statement-parser,FREE,AI-Tools-List (github),https://aibankparser.com,2026-09-15T12:14:40.308526Z
1.0,PRODUCT,saaspec,PAID,AI-Tools-List (github),https://www.saaspec.com,2026-09-15T12:14:37.742836Z
1.0,PRODUCT,stabbl,FREEMIUM,AI-Tools-List (github),https://stabbl.com,2026-09-15T12:14:37.293916Z
1.0,PRODUCT,apptrop,FREE,AI-Tools-List (github),https://apptrop.com,2026-09-15T12:14:42.004215Z
1.0,PRODUCT,evrythink-1-0-financial-planning,FREEMIUM,AI-Tools-List (github),https://www.evrythink.com,2026-09-15T12:14:41.706688Z
1.0,PRODUCT,showmemoney,FREEMIUM,AI-Tools-List (github),https://www.showmemoney.app,2026-09-15T12:14:41.711194Z
1.0,PRODUCT,ecomstat,PAID,AI-Tools-List (github),https://ecomstatapp.com,2026-09-15T12:14:39.755462Z
1.0,PRODUCT,genkin,FREEMIUM,AI-Tools-List (github),https://genkin.site,2026-09-15T12:14:44.056850Z
1.0,PRODUCT,daftar-automate-your-agency,PAID,AI-Tools-List (github),https://daftarapp.com,2026-09-15T12:14:42.213494Z
1.0,PRODUCT,transacly-co,PAID,AI-Tools-List (github),https://transacly.co,2026-09-15T12:14:44.176887Z
1.0,PRODUCT,infawork,FREEMIUM,AI-Tools-List (github),https://infawork.com,2026-09-15T12:14:46.401239Z
1.0,PRODUCT,time-squeeze,FREEMIUM,AI-Tools-List (github),https://www.timesqueeze.net,2026-09-15T12:14:46.750108Z
1.0,PRODUCT,smart-invoices,FREEMIUM,AI-Tools-List (github),https://smartinvoices.app,2026-09-15T12:14:47.073637Z
1.0,PRODUCT,invoices-dev,FREEMIUM,AI-Tools-List (github),https://invoices.dev,2026-09-15T12:14:48.838721Z
1.0,PRODUCT,accelbooks,PAID,AI-Tools-List (github),https://www.accelbooks.ai,2026-09-15T12:14:46.404376Z
1.0,PRODUCT,rupease,PAID,AI-Tools-List (github),https://rupease.co,2026-09-15T12:14:44.270552Z
1.0,PRODUCT,bank-statement-extractor,FREEMIUM,AI-Tools-List (github),https://www.bankstatementextract.com,2026-09-15T12:14:50.755561Z
1.0,PRODUCT,fiorino-ai,FREEMIUM,AI-Tools-List (github),https://fiorinoai.tech,2026-09-15T12:14:50.930481Z
1.0,PRODUCT,invoicemint,ENTERPRISE,AI-Tools-List (github),https://invoicemint.in,2026-09-15T12:14:48.722807Z
1.0,PRODUCT,eliteinvoice,FREEMIUM,AI-Tools-List (github),https://eliteinvoice.com,2026-09-15T12:14:49.060041Z
1.0,PRODUCT,invoicedataextraction-com,PAID,AI-Tools-List (github),https://invoicedataextraction.com,2026-09-15T12:14:51.250652Z
1.0,PRODUCT,bizfast-io,PAID,AI-Tools-List (github),https://bizfast.io,2026-09-15T12:14:51.138383Z
1.0,PRODUCT,workfusion-app,FREEMIUM,AI-Tools-List (github),https://www.workfusionapp.com,2026-09-15T12:14:53.500875Z
1.0,PRODUCT,ai-invoicer,FREEMIUM,AI-Tools-List (github),https://aiinvoicer.in,2026-09-15T12:14:56.294188Z
1.0,PRODUCT,sendpay,FREEMIUM,AI-Tools-List (github),https://www.sendpaymail.com,2026-09-15T12:14:55.714203Z
1.0,PRODUCT,vent,PAID,AI-Tools-List (github),https://useventapp.com,2026-09-15T12:14:58.208287Z
1.0,PRODUCT,finjy,FREEMIUM,AI-Tools-List (github),https://finjy.com,2026-09-15T12:14:57.653656Z
1.0,PRODUCT,jupid-ai-accountant,FREEMIUM,AI-Tools-List (github),https://jupid.com,2026-09-15T12:14:57.779932Z
1.0,PRODUCT,victoria-ai,FREEMIUM,AI-Tools-List (github),https://www.versionseven.ai,2026-09-15T12:14:53.544996Z
1.0,PRODUCT,capyparse,PAID,AI-Tools-List (github),https://capyparse.com,2026-09-15T12:14:55.840867Z
1.0,PRODUCT,rapidscan-ai,FREEMIUM,AI-Tools-List (github),https://rapidscan.ai,2026-09-15T12:15:00.125819Z
1.0,PRODUCT,trae,FREEMIUM,AI-Tools-List (github),https://trae.ai/,2026-09-15T12:15:00.312241Z
1.0,PRODUCT,predis,FREEMIUM,AI-Tools-List (github),https://predis.ai,2026-09-15T12:15:02.662508Z
1.0,PRODUCT,adcreative-ai,FREEMIUM,AI-Tools-List (github),https://free-trial.adcreative.ai/98krjvb7wdoq,2026-09-15T12:15:02.182534Z
1.0,PRODUCT,creatopy,FREEMIUM,AI-Tools-List (github),https://www.creatopy.com,2026-09-15T12:15:04.821951Z
1.0,PRODUCT,ai-image-translator-for-ecom-image,FREEMIUM,AI-Tools-List (github),https://www.pipiads.com/ai-image-translator,2026-09-15T12:15:04.434962Z
1.0,PRODUCT,minea,FREEMIUM,AI-Tools-List (github),https://en.minea.com,2026-09-15T12:15:04.855211Z
1.0,PRODUCT,otto-google-ads,PAID,AI-Tools-List (github),https://searchatlas.com/otto-google-ads,2026-09-15T12:14:58.044621Z
1.0,PRODUCT,icon-ai-generated-influencer-ads,PAID,AI-Tools-List (github),https://icon.com,2026-09-15T12:15:00.409877Z
1.0,PRODUCT,gethookd,FREEMIUM,AI-Tools-List (github),https://www.gethookd.ai,2026-09-15T12:15:07.181480Z
1.0,PRODUCT,rubii,FREEMIUM,AI-Tools-List (github),https://rubii.ai,2026-09-15T12:15:06.738714Z
1.0,PRODUCT,maker-ai,PAID,AI-Tools-List (github),https://app.draft.co/signup,2026-09-15T12:15:04.810088Z
1.0,PRODUCT,hautech-ai,FREE,AI-Tools-List (github),https://www.hautech.ai,2026-09-15T12:15:09.390766Z
1.0,PRODUCT,lexilexi-ai,FREEMIUM,AI-Tools-List (github),https://lexilexi.ai,2026-09-15T12:15:09.002099Z
1.0,PRODUCT,viral-ecom-adz,PAID,AI-Tools-List (github),https://viralecomadz.com,2026-09-15T12:15:02.656829Z
1.0,PRODUCT,neuronsinc-com,FREEMIUM,AI-Tools-List (github),https://neuronsinc.com,2026-09-15T12:15:11.725465Z
1.0,PRODUCT,neurons,FREEMIUM,AI-Tools-List (github),https://www.neuronsinc.com,2026-09-15T12:15:11.243250Z
1.0,PRODUCT,shown-io,PAID,AI-Tools-List (github),https://shown.io/p/hCbui4ATCX,2026-09-15T12:15:06.996935Z
1.0,PRODUCT,waymark,FREEMIUM,AI-Tools-List (github),https://waymark.com,2026-09-15T12:15:13.410189Z
1.0,PRODUCT,adpilot-by-picsart,FREEMIUM,AI-Tools-List (github),https://onlineadmaker.com,2026-09-15T12:15:13.899646Z
1.0,PRODUCT,polaranalytics-com,FREEMIUM,AI-Tools-List (github),https://polaranalytics.com,2026-09-15T12:15:13.448302Z
1.0,PRODUCT,enhencer-com,PAID,AI-Tools-List (github),https://enhencer.com,2026-09-15T12:15:09.293072Z
1.0,PRODUCT,connected-stories-genaissance,FREEMIUM,AI-Tools-List (github),https://connected-stories.com,2026-09-15T12:15:15.785356Z
1.0,PRODUCT,adscan-ai,FREEMIUM,AI-Tools-List (github),https://adscan.ai,2026-09-15T12:15:15.933532Z
1.0,PRODUCT,adgen-ai,PAID,AI-Tools-List (github),https://www.adgenai.com,2026-09-15T12:15:11.720719Z
1.0,PRODUCT,zocket,FREEMIUM,AI-Tools-List (github),https://zocket.ai,2026-09-15T12:15:18.263249Z
1.0,PRODUCT,segwise-ai,FREEMIUM,AI-Tools-List (github),https://www.segwise.ai,2026-09-15T12:15:17.871260Z
1.0,PRODUCT,metric-tech,FREEMIUM,AI-Tools-List (github),https://www.metric.tech,2026-09-15T12:15:13.873212Z
1.0,PRODUCT,productly-app,FREEMIUM,AI-Tools-List (github),https://productly.app,2026-09-15T12:15:20.764436Z
1.0,PRODUCT,suppixel-ai,FREEMIUM,AI-Tools-List (github),https://suppixel.ai,2026-09-15T12:15:20.251725Z
1.0,PRODUCT,fliz-ai,FREEMIUM,AI-Tools-List (github),https://fliz.ai/,2026-09-15T12:15:16.068599Z
1.0,PRODUCT,nexad,PAID,AI-Tools-List (github),https://www.nex.ad,2026-09-15T12:15:18.000533Z
1.0,PRODUCT,adgpt-com,FREEMIUM,AI-Tools-List (github),https://adgpt.com,2026-09-15T12:15:22.415933Z
1.0,PRODUCT,viro,FREEMIUM,AI-Tools-List (github),https://app.viro.so/,2026-09-15T12:15:22.535755Z
1.0,PRODUCT,dropbotai-com,PAID,AI-Tools-List (github),https://dropbotai.com/,2026-09-15T12:15:20.415033Z
1.0,PRODUCT,community-hub,FREEMIUM,AI-Tools-List (github),https://sesamelabs.xyz,2026-09-15T12:15:24.943668Z
1.0,PRODUCT,fusionos-ai,FREEMIUM,AI-Tools-List (github),https://www.fusionos.ai,2026-09-15T12:15:24.648059Z
1.0,PRODUCT,qortex-ai,ENTERPRISE,AI-Tools-List (github),https://qortex.ai,2026-09-15T12:15:22.616895Z
1.0,PRODUCT,airpost,FREEMIUM,AI-Tools-List (github),https://www.airpost.ai,2026-09-15T12:15:22.891732Z
1.0,PRODUCT,evercopy,FREEMIUM,AI-Tools-List (github),https://dashboard.evercopy.ai/,2026-09-15T12:15:26.890972Z
1.0,PRODUCT,plug-play-ai-marketing-team,PAID,AI-Tools-List (github),https://evercopy.ai,2026-09-15T12:15:24.959102Z
1.0,PRODUCT,memorable-ad-maker,PAID,AI-Tools-List (github),https://www.memorable.io,2026-09-15T12:15:27.373310Z
1.0,PRODUCT,thirdi,FREEMIUM,AI-Tools-List (github),https://thirdi.ai,2026-09-15T12:15:29.460925Z
1.0,PRODUCT,adsgency-ai-mvp,FREEMIUM,AI-Tools-List (github),https://AdsGency.ai,2026-09-15T12:15:29.980109Z
1.0,PRODUCT,hookads-ai,PAID,AI-Tools-List (github),https://hookads.ai,2026-09-15T12:15:27.206746Z
1.0,PRODUCT,alphactr,FREEMIUM,AI-Tools-List (github),https://alphactr.com,2026-09-15T12:15:31.590949Z
1.0,PRODUCT,clickable,FREEMIUM,AI-Tools-List (github),https://www.clickable.so,2026-09-15T12:15:31.561391Z
1.0,PRODUCT,averi,PAID,AI-Tools-List (github),https://averi.ai,2026-09-15T12:15:29.366610Z
1.0,PRODUCT,shakespeare,PAID,AI-Tools-List (github),https://www.shakespeare.ai,2026-09-15T12:15:34.283097Z
1.0,PRODUCT,ugc-ads,FREEMIUM,AI-Tools-List (github),https://www.ugcads.io,2026-09-15T12:15:33.699883Z
1.0,PRODUCT,ad-mocker,FREEMIUM,AI-Tools-List (github),https://admocker.com,2026-09-15T12:15:31.619590Z
1.0,PRODUCT,ai-product-shot,FREEMIUM,AI-Tools-List (github),https://aiproductshot.com/,2026-09-15T12:15:36.364185Z
1.0,PRODUCT,omnitrain-ai,FREEMIUM,AI-Tools-List (github),https://omnitrain.ai,2026-09-15T12:15:36.078910Z
1.0,PRODUCT,selfadvertiser-com,ENTERPRISE,AI-Tools-List (github),https://selfadvertiser.com,2026-09-15T12:15:34.101055Z
1.0,PRODUCT,creative-fast-aid,FREEMIUM,AI-Tools-List (github),https://creativefastaid.com,2026-09-15T12:15:38.979611Z
1.0,PRODUCT,swipify,FREEMIUM,AI-Tools-List (github),https://swipify.ai,2026-09-15T12:15:38.883927Z
1.0,PRODUCT,daydrm-ai,FREEMIUM,AI-Tools-List (github),https://www.daydrm.ai,2026-09-15T12:15:36.376832Z
1.0,PRODUCT,xiangji-1-0,FREEMIUM,AI-Tools-List (github),https://www.xiangji.ai,2026-09-15T12:15:43.800319Z
1.0,PRODUCT,adxl-ai,FREEMIUM,AI-Tools-List (github),https://www.adxl.ai/,2026-09-15T12:15:43.315965Z
1.0,PRODUCT,posterstudio,FREEMIUM,AI-Tools-List (github),https://posterstudio.ai,2026-09-15T12:15:39.225970Z
1.0,PRODUCT,growtake,FREEMIUM,AI-Tools-List (github),https://growtake.com,2026-09-15T12:15:41.164229Z
1.0,PRODUCT,agentprod,PAID,AI-Tools-List (github),https://agentprod.com,2026-09-15T12:15:48.779301Z
1.0,PRODUCT,dicer-ai,PAID,AI-Tools-List (github),https://dicer.ai,2026-09-15T12:15:43.509164Z
1.0,PRODUCT,roach-ai,FREEMIUM,AI-Tools-List (github),https://roach.ai,2026-09-15T12:15:50.934828Z
1.0,PRODUCT,hippist-ai,FREEMIUM,AI-Tools-List (github),https://www.hippist.com,2026-09-15T12:15:45.560549Z
1.0,PRODUCT,adstronaut,PAID,AI-Tools-List (github),https://www.adstronaut.net,2026-09-15T12:15:41.066712Z
1.0,PRODUCT,showstop,FREEMIUM,AI-Tools-List (github),https://showstop.ai,2026-09-15T12:15:53.400025Z
1.0,PRODUCT,wafrow-landing-pages-on-steroids,PAID,AI-Tools-List (github),https://wafrow.com,2026-09-15T12:15:55.911286Z
1.0,PRODUCT,peachly-ai,FREEMIUM,AI-Tools-List (github),https://peachlyai.xyz,2026-09-15T12:15:55.051508Z
1.0,PRODUCT,cameralyze-no-code-ai-studio,FREEMIUM,AI-Tools-List (github),https://www.plugger.ai/,2026-09-15T12:15:50.959116Z
1.0,PRODUCT,faqx,FREEMIUM,AI-Tools-List (github),https://faqx.com,2026-09-15T12:15:55.474177Z
1.0,PRODUCT,beb-ai,FREEMIUM,AI-Tools-List (github),https://beb.ai,2026-09-15T12:15:55.571895Z
1.0,PRODUCT,hifen-io,FREEMIUM,AI-Tools-List (github),https://hifen.io,2026-09-15T12:15:45.733109Z
1.0,PRODUCT,adgen-studio,PAID,AI-Tools-List (github),https://www.adgenstudio.com,2026-09-15T12:15:50.055463Z
1.0,PRODUCT,motion-cut,PAID,AI-Tools-List (github),https://motioncut.io,2026-09-15T12:15:47.715826Z
1.0,PRODUCT,frequently-ai,FREEMIUM,AI-Tools-List (github),https://www.frequently.ai,2026-09-15T12:15:54.659010Z
1.0,PRODUCT,quantplus,PAID,AI-Tools-List (github),http://quantplus.io,2026-09-15T12:15:58.350151Z
1.0,PRODUCT,ai-logo-art,PAID,AI-Tools-List (github),https://ailogoart.com,2026-09-15T12:15:53.003142Z
1.0,PRODUCT,altos-ai-autonomous-advertising,PAID,AI-Tools-List (github),https://www.helloaltos.com,2026-09-15T12:16:00.077110Z
1.0,PRODUCT,product-ad-ai,FREEMIUM,AI-Tools-List (github),https://productad.co,2026-09-15T12:16:00.140403Z
1.0,PRODUCT,ohmysynt,PAID,AI-Tools-List (github),https://ohmysynt.io,2026-09-15T12:15:57.852467Z
1.0,PRODUCT,adflare-ai,FREEMIUM,AI-Tools-List (github),https://adflare.ai,2026-09-15T12:16:02.253553Z
1.0,PRODUCT,ecoms-genie-ai,PAID,AI-Tools-List (github),https://www.ecomsgenie.com,2026-09-15T12:15:55.395476Z
1.0,PRODUCT,hollyfy,PAID,AI-Tools-List (github),https://www.hollyfy.com,2026-09-15T12:16:00.085578Z
1.0,PRODUCT,adxcel-com,PAID,AI-Tools-List (github),https://adxcel.com,2026-09-15T12:16:02.612074Z
1.0,PRODUCT,living-images,PAID,AI-Tools-List (github),https://img.coframe.ai,2026-09-15T12:16:04.676458Z
1.0,PRODUCT,brandnetworksinc-com,FREEMIUM,AI-Tools-List (github),https://brandnetworksinc.com,2026-09-15T12:16:04.550597Z
1.0,PRODUCT,imgpt,FREEMIUM,AI-Tools-List (github),https://www.img-pt.com,2026-09-15T12:16:04.577925Z
1.0,PRODUCT,adastra,PAID,AI-Tools-List (github),https://1trillionclub.com/,2026-09-15T12:16:02.724444Z
1.0,PRODUCT,mad-ad,FREEMIUM,AI-Tools-List (github),https://www.madad.site,2026-09-15T12:16:06.874174Z
1.0,PRODUCT,adspawn,FREEMIUM,AI-Tools-List (github),https://www.adspawn.com,2026-09-15T12:16:07.189989Z
1.0,PRODUCT,performwell,FREEMIUM,AI-Tools-List (github),https://performwell.online,2026-09-15T12:16:09.259538Z
1.0,PRODUCT,instaon-io,FREEMIUM,AI-Tools-List (github),https://instaon.io,2026-09-15T12:16:08.765295Z
1.0,PRODUCT,veedy-ai,PAID,AI-Tools-List (github),https://veedy.ai,2026-09-15T12:16:04.876735Z
1.0,PRODUCT,adlas-io,FREEMIUM,AI-Tools-List (github),https://adlas.io,2026-09-15T12:16:11.166469Z
1.0,PRODUCT,shots-maker,FREEMIUM,AI-Tools-List (github),https://shotsmaker.com,2026-09-15T12:16:11.223914Z
1.0,PRODUCT,lolify,FREE,AI-Tools-List (github),https://www.lolify.io,2026-09-15T12:16:07.092251Z
1.0,PRODUCT,engaugeai-test-your-ad-creatives,PAID,AI-Tools-List (github),https://www.engaugeai.net,2026-09-15T12:16:09.427827Z
1.0,PRODUCT,virtual-verse-labs,FREEMIUM,AI-Tools-List (github),https://virtualverselabs.com,2026-09-15T12:16:11.504144Z
1.0,PRODUCT,human-model-based-ai-images,FREEMIUM,AI-Tools-List (github),https://ivisual.ai,2026-09-15T12:16:13.499835Z
1.0,PRODUCT,genads,FREEMIUM,AI-Tools-List (github),https://genads.app,2026-09-15T12:16:13.799833Z
1.0,PRODUCT,dynamicads,PAID,AI-Tools-List (github),https://dynamicads.app,2026-09-15T12:16:16.882696Z
1.0,PRODUCT,asset-creatives-ai,FREEMIUM,AI-Tools-List (github),https://asset-creatives-ai.com,2026-09-15T12:16:16.453663Z
1.0,PRODUCT,f-xai,PAID,AI-Tools-List (github),https://foxai.app,2026-09-15T12:16:11.381290Z
1.0,PRODUCT,adsrapido,FREEMIUM,AI-Tools-List (github),https://adsrapido.com,2026-09-15T12:16:19.911294Z
1.0,PRODUCT,content-creation-tools,FREE,AI-Tools-List (github),https://contentcreation.tools,2026-09-15T12:16:22.613765Z
1.0,PRODUCT,make-ad,PAID,AI-Tools-List (github),https://make.ad,2026-09-15T12:16:13.718912Z
1.0,PRODUCT,smmai-ai-banner-maker,FREE,AI-Tools-List (github),https://home.smmai.app,2026-09-15T12:16:16.288357Z
1.0,PRODUCT,generate-ads-ai,FREEMIUM,AI-Tools-List (github),https://generateads.ai,2026-09-15T12:16:22.627957Z
1.0,PRODUCT,the-influencer-ai,FREEMIUM,AI-Tools-List (github),https://www.theinfluencer.ai,2026-09-15T12:16:24.940171Z
1.0,PRODUCT,recraft-image-model,PAID,AI-Tools-List (github),https://www.recraft.ai,2026-09-15T12:16:19.493269Z
1.0,PRODUCT,captions,FREEMIUM,AI-Tools-List (github),https://www.captions.ai,2026-09-15T12:16:24.772942Z
1.0,PRODUCT,wondershare-virbo,PAID,AI-Tools-List (github),https://virbo.wondershare.com,2026-09-15T12:16:22.677796Z
1.0,PRODUCT,basedlabs,FREEMIUM,AI-Tools-List (github),https://www.basedlabs.ai/,2026-09-15T12:16:28.581093Z
1.0,PRODUCT,writesonic,FREEMIUM,AI-Tools-List (github),https://writesonic.com,2026-09-15T12:16:31.964172Z
1.0,PRODUCT,pippit-ai,FREEMIUM,AI-Tools-List (github),https://pippit.capcut.com,2026-09-15T12:16:31.452018Z
1.0,PRODUCT,creatify,PAID,AI-Tools-List (github),https://creatify.ai/,2026-09-15T12:16:36.404197Z
1.0,PRODUCT,higgsfield,FREEMIUM,AI-Tools-List (github),https://higgsfield.ai,2026-09-15T12:16:35.936649Z
1.0,PRODUCT,phot-ai,FREEMIUM,AI-Tools-List (github),https://www.phot.ai,2026-09-15T12:16:24.804168Z
1.0,PRODUCT,topview-ai,FREEMIUM,AI-Tools-List (github),https://www.topview.ai,2026-09-15T12:16:36.072067Z
1.0,PRODUCT,durable,FREEMIUM,AI-Tools-List (github),https://durable.sjv.io/jerLdb,2026-09-15T12:16:42.512204Z
1.0,PRODUCT,lightx,FREEMIUM,AI-Tools-List (github),https://www.lightxeditor.com,2026-09-15T12:16:27.338649Z
1.0,PRODUCT,powtoon,FREEMIUM,AI-Tools-List (github),https://go.fiverr.com/visit/,2026-09-15T12:16:43.111543Z
1.0,PRODUCT,deevid-ai,FREEMIUM,AI-Tools-List (github),https://deevid.ai,2026-09-15T12:16:40.249038Z
1.0,PRODUCT,gravity-write,FREEMIUM,AI-Tools-List (github),https://gravitywrite.com/,2026-09-15T12:16:50.794262Z
1.0,PRODUCT,arcads,PAID,AI-Tools-List (github),https://arcads.ai,2026-09-15T12:16:30.024585Z
1.0,PRODUCT,blaze,FREEMIUM,AI-Tools-List (github),https://get.blaze.ai,2026-09-15T12:16:35.782941Z
1.0,PRODUCT,blaze-designer,FREEMIUM,AI-Tools-List (github),https://www.blaze.ai,2026-09-15T12:16:32.261005Z
1.0,PRODUCT,aifreebox-free-ai-tools,FREE,AI-Tools-List (github),https://aifreebox.com,2026-09-15T12:16:45.341882Z
1.0,PRODUCT,flair-ai,FREEMIUM,AI-Tools-List (github),https://flair.ai,2026-09-15T12:16:37.888648Z
1.0,PRODUCT,winninghunter-com,PAID,AI-Tools-List (github),https://winninghunter.com,2026-09-15T12:16:41.772902Z
1.0,PRODUCT,promo-ai-video-maker,PAID,AI-Tools-List (github),https://promo.com,2026-09-15T12:16:46.966690Z
1.0,PRODUCT,vidau,FREEMIUM,AI-Tools-List (github),https://affiliates.vidau.ai/XfqLzb,2026-09-15T12:16:51.982532Z
1.0,PRODUCT,askingtips,FREEMIUM,AI-Tools-List (github),https://askingtips.com,2026-09-15T12:16:54.706599Z
1.0,PRODUCT,supermeme-ai,FREEMIUM,AI-Tools-List (github),https://app.supermeme.ai,2026-09-15T12:16:55.445279Z
1.0,PRODUCT,wordkraft-ai,PAID,AI-Tools-List (github),https://wordkraft.ai,2026-09-15T12:16:43.950086Z
1.0,PRODUCT,neuroflash,PAID,AI-Tools-List (github),https://app.neuro-flash.com/free,2026-09-15T12:16:54.224648Z
1.0,PRODUCT,200-chatgpt-mega-prompts-for-solopreneurs,FREEMIUM,AI-Tools-List (github),https://godofprompt.ai/solopreneurs-mega-prompts,2026-09-15T12:16:58.995479Z
1.0,PRODUCT,200-chatgpt-mega-prompts-for-marketing,FREEMIUM,AI-Tools-List (github),https://www.godofprompt.ai/marketing-mega-prompts,2026-09-15T12:16:46.970760Z
1.0,PRODUCT,zebracat-ai,PAID,AI-Tools-List (github),http://studio.zebracat.ai/signup/,2026-09-15T12:16:57.357801Z
1.0,PRODUCT,makeugc,FREEMIUM,AI-Tools-List (github),https://www.makeugc.ai/,2026-09-15T12:16:49.370164Z
1.0,PRODUCT,sellthetrend-com,PAID,AI-Tools-List (github),https://www.SellTheTrend.com/join/affiliate14309,2026-09-15T12:17:06.424226Z
1.0,PRODUCT,free-midjourney-ai-art-generator,FREEMIUM,AI-Tools-List (github),https://journeyaiart.com,2026-09-15T12:17:25.891848Z
1.0,PRODUCT,synthesys-x,FREEMIUM,AI-Tools-List (github),https://paykstrt.com/46963/136765,2026-09-15T12:17:04.800841Z
1.0,PRODUCT,nichesss,FREEMIUM,AI-Tools-List (github),https://nichesss.com,2026-09-15T12:17:13.734908Z
1.0,PRODUCT,pagepilot-ai,PAID,AI-Tools-List (github),https://pagepilot.ai/,2026-09-15T12:17:00.259399Z
1.0,PRODUCT,cohesive-ai,FREEMIUM,AI-Tools-List (github),https://cohesive.so,2026-09-15T12:17:20.794157Z
1.0,PRODUCT,kive,FREEMIUM,AI-Tools-List (github),https://kive.ai,2026-09-15T12:17:22.163244Z
1.0,PRODUCT,glorify-3-0-design-tool-powered-by-ai,FREEMIUM,AI-Tools-List (github),https://www.glorify.com,2026-09-15T12:17:21.936083Z
1.0,PRODUCT,influee,PAID,AI-Tools-List (github),https://influee.co,2026-09-15T12:17:09.683456Z
1.0,PRODUCT,storylab-ai,FREEMIUM,AI-Tools-List (github),https://storylab.ai/,2026-09-15T12:17:04.846412Z
1.0,PRODUCT,molypix-ai,FREEMIUM,AI-Tools-List (github),https://molypix.ai,2026-09-15T12:17:16.063002Z
1.0,PRODUCT,open-spoken-ai,FREE,AI-Tools-List (github),https://openspokenai.com,2026-09-15T12:17:12.674546Z
1.0,PRODUCT,ultra-fast-image-generator,FREE,AI-Tools-List (github),https://fastflux.co,2026-09-15T12:17:12.706302Z
1.0,PRODUCT,sivi-ai,FREEMIUM,AI-Tools-List (github),https://sivi.ai,2026-09-15T12:17:21.931782Z
1.0,PRODUCT,anyword,PAID,AI-Tools-List (github),https://anyword.com,2026-09-15T12:17:24.812159Z
1.0,PRODUCT,adminer-pro,PAID,AI-Tools-List (github),https://adminer.pro,2026-09-15T12:17:19.697440Z
1.0,PRODUCT,clarice-ai,FREE,AI-Tools-List (github),https://clarice.ai/,2026-09-15T12:17:27.290958Z
1.0,PRODUCT,plainly-ai,PAID,AI-Tools-List (github),https://www.plainlyvideos.com,2026-09-15T12:17:37.343061Z
1.0,PRODUCT,glitching-ai,PAID,AI-Tools-List (github),https://www.glitching.ai//,2026-09-15T12:17:30.459817Z
1.0,PRODUCT,storykit,FREEMIUM,AI-Tools-List (github),https://storykit.io,2026-09-15T12:17:32.685667Z
1.0,PRODUCT,digital-first-ai,FREEMIUM,AI-Tools-List (github),https://app.digitalfirst.ai,2026-09-15T12:17:39.593972Z
1.0,PRODUCT,magickpen,FREEMIUM,AI-Tools-List (github),https://magickpen.com,2026-09-15T12:17:40.492296Z
1.0,PRODUCT,story-boards-ai,FREEMIUM,AI-Tools-List (github),https://www.story-boards.ai,2026-09-15T12:17:40.560468Z
1.0,PRODUCT,contentbot-ai,FREEMIUM,AI-Tools-List (github),https://contentbot.ai,2026-09-15T12:17:41.226018Z
1.0,PRODUCT,typeface,ENTERPRISE,AI-Tools-List (github),https://www.typeface.ai,2026-09-15T12:17:41.603388Z
1.0,PRODUCT,remagine-ai,FREEMIUM,AI-Tools-List (github),https://remagineai.com,2026-09-15T12:17:42.674295Z
1.0,PRODUCT,copylime-com,FREEMIUM,AI-Tools-List (github),https://copylime.com/,2026-09-15T12:17:37.329568Z
1.0,PRODUCT,bria,PAID,AI-Tools-List (github),https://bria.ai,2026-09-15T12:17:34.723439Z
1.0,PRODUCT,bria-ai,PAID,AI-Tools-List (github),https://bria.ai,2026-09-15T12:17:49.604443Z
1.0,PRODUCT,postly,FREEMIUM,AI-Tools-List (github),https://postly.ai,2026-09-15T12:17:52.005967Z
1.0,PRODUCT,copymatic,FREEMIUM,AI-Tools-List (github),https://copymatic.ai/,2026-09-15T12:17:39.521541Z
1.0,PRODUCT,optimo,FREE,AI-Tools-List (github),https://askoptimo.com,2026-09-15T12:17:44.835107Z
1.0,PRODUCT,voolt,FREEMIUM,AI-Tools-List (github),https://voolt.com,2026-09-15T12:17:41.974915Z
1.0,PRODUCT,fibr-ai,ENTERPRISE,AI-Tools-List (github),https://fibr.ai,2026-09-15T12:17:53.964908Z
1.0,PRODUCT,ugc-ads-ai,FREEMIUM,AI-Tools-List (github),https://ugcads.ai,2026-09-15T12:17:57.991377Z
1.0,PRODUCT,boolvideo,FREEMIUM,AI-Tools-List (github),https://boolv.video/,2026-09-15T12:17:57.846902Z
1.0,PRODUCT,plai-io,FREEMIUM,AI-Tools-List (github),https://app.plai.io/,2026-09-15T12:17:59.424852Z
1.0,PRODUCT,marketingblocks-ai,FREEMIUM,AI-Tools-List (github),https://hey.marketingblocks.ai,2026-09-15T12:17:51.782217Z
1.0,PRODUCT,propertysimple-com,FREEMIUM,AI-Tools-List (github),https://propertysimple.com,2026-09-15T12:18:01.589537Z
1.0,PRODUCT,go-charlie,FREEMIUM,AI-Tools-List (github),https://gocharlie.ai,2026-09-15T12:17:47.165024Z
1.0,PRODUCT,smartli,FREEMIUM,AI-Tools-List (github),https://smartli.partnerlinks.io/h0c9k7wur47b,2026-09-15T12:17:49.347402Z
1.0,PRODUCT,jounce,PAID,AI-Tools-List (github),https://www.jounce.ai,2026-09-15T12:17:56.750697Z
1.0,PRODUCT,speedy,FREEMIUM,AI-Tools-List (github),https://speedybrand.io,2026-09-15T12:18:13.064394Z
1.0,PRODUCT,typeframes,FREEMIUM,AI-Tools-List (github),https://www.typeframes.com,2026-09-15T12:18:00.230904Z
1.0,PRODUCT,skyline-social-s-ai-marketing-assistant,PAID,AI-Tools-List (github),https://www.skylinesocial.com/ai-marketing-assistant,2026-09-15T12:18:16.780917Z
1.0,PRODUCT,seede-ai,FREEMIUM,AI-Tools-List (github),https://seede.ai,2026-09-15T12:18:16.884588Z
1.0,PRODUCT,adwisely-com,PAID,AI-Tools-List (github),https://adwisely.com,2026-09-15T12:18:13.820898Z
1.0,PRODUCT,cornucopia-ai-the-ai-app-store,FREEMIUM,AI-Tools-List (github),https://www.cornucopia-ai.com,2026-09-15T12:18:24.958053Z
1.0,PRODUCT,giti-ai,FREE,AI-Tools-List (github),https://www.giti.ai,2026-09-15T12:18:03.128519Z
1.0,PRODUCT,marketer-tech,PAID,AI-Tools-List (github),https://marketer.tech,2026-09-15T12:18:11.484668Z
1.0,PRODUCT,postcrest,FREEMIUM,AI-Tools-List (github),https://postcrest.com,2026-09-15T12:18:22.124095Z
1.0,PRODUCT,lucas-ai-video-creator,FREEMIUM,AI-Tools-List (github),https://www.idomoo.ai,2026-09-15T12:18:05.782964Z
1.0,PRODUCT,groweasy,PAID,AI-Tools-List (github),https://groweasy.ai,2026-09-15T12:18:24.126083Z
1.0,PRODUCT,adspolar,PAID,AI-Tools-List (github),https://adspolar.com/en,2026-09-15T12:18:09.655318Z
1.0,PRODUCT,viva-labs,FREEMIUM,AI-Tools-List (github),https://vivalabs.ai,2026-09-15T12:18:30.398261Z
1.0,PRODUCT,cowriter,FREEMIUM,AI-Tools-List (github),https://cowriter.org,2026-09-15T12:18:17.725145Z
1.0,PRODUCT,viralvideo,FREEMIUM,AI-Tools-List (github),https://viralvideo.app,2026-09-15T12:18:31.059922Z
1.0,PRODUCT,addlly-ai,FREEMIUM,AI-Tools-List (github),https://addlly.ai,2026-09-15T12:18:20.019990Z
1.0,PRODUCT,productiai-co,FREEMIUM,AI-Tools-List (github),https://productiai.co,2026-09-15T12:18:27.135616Z
1.0,PRODUCT,vplate-video-ads-chat-gpt-plugin,FREEMIUM,AI-Tools-List (github),https://vplate.io,2026-09-15T12:18:31.954464Z
1.0,PRODUCT,copygenius-io,FREEMIUM,AI-Tools-List (github),https://copygenius.io,2026-09-15T12:18:31.858807Z
1.0,PRODUCT,ai-kat,FREEMIUM,AI-Tools-List (github),https://www.aikat.ai,2026-09-15T12:18:31.975661Z
1.0,PRODUCT,aiter-io,FREEMIUM,AI-Tools-List (github),https://aiter.io,2026-09-15T12:18:32.834782Z
1.0,PRODUCT,ecommerce-prompt-generator,FREEMIUM,AI-Tools-List (github),https://www.ecommerceprompts.com,2026-09-15T12:18:33.180258Z
1.0,PRODUCT,atozaitools,FREE,AI-Tools-List (github),https://dateplanner.ai,2026-09-15T12:18:33.265303Z
1.0,PRODUCT,ai-keeda,FREEMIUM,AI-Tools-List (github),https://www.aikeeda.com,2026-09-15T12:18:29.135767Z
1.0,PRODUCT,vsl-ai,PAID,AI-Tools-List (github),https://vsl.ai,2026-09-15T12:18:34.667578Z
1.0,PRODUCT,persuva-ai,PAID,AI-Tools-List (github),https://persuva.ai/,2026-09-15T12:18:35.222605Z
1.0,PRODUCT,waveai-ai-editor,FREEMIUM,AI-Tools-List (github),https://waveai.io,2026-09-15T12:18:31.425729Z
1.0,PRODUCT,open-agent-cloud-antler-f24,FREEMIUM,AI-Tools-List (github),https://cheatlayer.com,2026-09-15T12:18:36.110037Z
1.0,PRODUCT,simplified-co,FREEMIUM,AI-Tools-List (github),https://simplified.co,2026-09-15T12:18:36.563770Z
1.0,PRODUCT,whatmore-live,FREEMIUM,AI-Tools-List (github),https://app.partnerjam.com/install,2026-09-15T12:18:40.965529Z
1.0,PRODUCT,jeeves-ai,FREEMIUM,AI-Tools-List (github),https://jeeves.ai,2026-09-15T12:18:40.613924Z
1.0,PRODUCT,growf-ai,FREEMIUM,AI-Tools-List (github),https://www.growf.io,2026-09-15T12:18:40.742059Z
1.0,PRODUCT,bannsai,FREEMIUM,AI-Tools-List (github),https://banns.ai,2026-09-15T12:18:41.401379Z
1.0,PRODUCT,flamel-ai,PAID,AI-Tools-List (github),https://www.flamel.ai,2026-09-15T12:18:33.695342Z
1.0,PRODUCT,muku-ai,PAID,AI-Tools-List (github),https://muku.ai,2026-09-15T12:18:37.893731Z
1.0,PRODUCT,muku-ai-1,FREEMIUM,AI-Tools-List (github),https://muku.ai/,2026-09-15T12:18:38.462398Z
1.0,PRODUCT,zappit-ai,FREEMIUM,AI-Tools-List (github),https://zappit.ai,2026-09-15T12:18:43.312644Z
1.0,PRODUCT,underline-ai,PAID,AI-Tools-List (github),https://underline.ai,2026-09-15T12:18:35.728326Z
1.0,PRODUCT,echo-memo,FREEMIUM,AI-Tools-List (github),https://www.echomemo.vip/en,2026-09-15T12:18:40.319162Z
1.0,PRODUCT,yaara-ai,FREEMIUM,AI-Tools-List (github),https://yaara.ai/,2026-09-15T12:18:43.128973Z
1.0,PRODUCT,spicytool,FREEMIUM,AI-Tools-List (github),https://spicytool.net/en,2026-09-15T12:18:45.165518Z
1.0,PRODUCT,rocketai,PAID,AI-Tools-List (github),https://rocketai.io,2026-09-15T12:18:42.557760Z
1.0,PRODUCT,2vid,FREEMIUM,AI-Tools-List (github),https://www.2vid.ai,2026-09-15T12:18:47.615067Z
1.0,PRODUCT,kartiv,FREEMIUM,AI-Tools-List (github),https://www.kartiv.com,2026-09-15T12:18:45.188481Z
1.0,PRODUCT,viscap-ai,PAID,AI-Tools-List (github),https://viscap.ai,2026-09-15T12:18:45.420694Z
1.0,PRODUCT,humai-in,FREEMIUM,AI-Tools-List (github),https://humai.in/,2026-09-15T12:18:49.901903Z
1.0,PRODUCT,caseo-ai,FREEMIUM,AI-Tools-List (github),https://caseo.ai,2026-09-15T12:18:49.626888Z
1.0,PRODUCT,vmeg-clips-to-videos,FREEMIUM,AI-Tools-List (github),https://www.vmeg.ai/tools/clips-to-videos/,2026-09-15T12:18:50.082396Z
1.0,PRODUCT,creativai,FREEMIUM,AI-Tools-List (github),https://appsumo.8odi.net/m57LVa,2026-09-15T12:18:47.498046Z
1.0,PRODUCT,geniusgate,FREEMIUM,AI-Tools-List (github),https://geniusgate.ai,2026-09-15T12:18:52.323982Z
1.0,PRODUCT,streamr,FREEMIUM,AI-Tools-List (github),https://streamr.ai,2026-09-15T12:18:51.983762Z
1.0,PRODUCT,copywhiz-ai,FREEMIUM,AI-Tools-List (github),https://copywhiz.ai,2026-09-15T12:18:49.827796Z
1.0,PRODUCT,automate-your-image-with-bannerify,PAID,AI-Tools-List (github),https://bannerify.co,2026-09-15T12:18:52.109385Z
1.0,PRODUCT,roya-ai,FREEMIUM,AI-Tools-List (github),https://getroya.io/,2026-09-15T12:18:54.627404Z
1.0,PRODUCT,sprout-ai,FREEMIUM,AI-Tools-List (github),https://app.sprout.com.br//,2026-09-15T12:18:52.329613Z
1.0,PRODUCT,listingcopy-ai,FREEMIUM,AI-Tools-List (github),https://listingcopy.ai,2026-09-15T12:18:56.970687Z
1.0,PRODUCT,marketerspen,PAID,AI-Tools-List (github),https://marketerspen.com,2026-09-15T12:18:54.206762Z
1.0,PRODUCT,auraticai,FREEMIUM,AI-Tools-List (github),https://www.auraticai.com/register,2026-09-15T12:18:56.636304Z
1.0,PRODUCT,sprello,FREEMIUM,AI-Tools-List (github),https://sprello.ai,2026-09-15T12:19:00.151240Z
1.0,PRODUCT,hoshai,FREEMIUM,AI-Tools-List (github),https://hoshai.com,2026-09-15T12:19:02.292840Z
1.0,PRODUCT,copy-genius,PAID,AI-Tools-List (github),https://trycopygenius.com,2026-09-15T12:18:56.914678Z
1.0,PRODUCT,supergpt,FREEMIUM,AI-Tools-List (github),https://www.supergpt.com,2026-09-15T12:18:59.095106Z
1.0,PRODUCT,vapa-ai,PAID,AI-Tools-List (github),https://vapa.ai,2026-09-15T12:19:02.721754Z
1.0,PRODUCT,showhype,FREEMIUM,AI-Tools-List (github),https://www.showhype.ai,2026-09-15T12:19:06.916788Z
1.0,PRODUCT,jaxo-ai,FREE,AI-Tools-List (github),https://jaxo.ai,2026-09-15T12:19:00.318249Z
1.0,PRODUCT,dittto,PAID,AI-Tools-List (github),https://dittto.ai,2026-09-15T12:19:09.761650Z
1.0,PRODUCT,askcory-ai,FREEMIUM,AI-Tools-List (github),https://www.askcory.ai,2026-09-15T12:19:05.006787Z
1.0,PRODUCT,markey-ai,FREEMIUM,AI-Tools-List (github),https://www.markey.ai,2026-09-15T12:19:10.480026Z
1.0,PRODUCT,editby,FREEMIUM,AI-Tools-List (github),https://editby.ai,2026-09-15T12:19:10.499386Z
1.0,PRODUCT,editby-2-0,ENTERPRISE,AI-Tools-List (github),https://editby.ai,2026-09-15T12:19:08.191245Z
1.0,PRODUCT,aieasyuse,FREEMIUM,AI-Tools-List (github),https://www.aieasyuse.com,2026-09-15T12:19:12.655762Z
1.0,PRODUCT,pandarocket-ai-suite,PAID,AI-Tools-List (github),https://www.pandarocket.ai,2026-09-15T12:19:05.950647Z
1.0,PRODUCT,certy-ai,ENTERPRISE,AI-Tools-List (github),https://www.certyai.com,2026-09-15T12:19:03.627068Z
1.0,PRODUCT,nexmind,FREEMIUM,AI-Tools-List (github),https://www.nexmind.ai,2026-09-15T12:19:14.978463Z
1.0,PRODUCT,mai,FREEMIUM,AI-Tools-List (github),https://www.maiwriter.com,2026-09-15T12:19:15.094170Z
1.0,PRODUCT,bannergate-ai,FREEMIUM,AI-Tools-List (github),https://www.bannergate.ai,2026-09-15T12:19:12.189750Z
1.0,PRODUCT,krut-ai,PAID,AI-Tools-List (github),https://krut.ai,2026-09-15T12:19:12.597087Z
1.0,PRODUCT,studio-neiro-ai,FREEMIUM,AI-Tools-List (github),https://studio.neiro.ai/,2026-09-15T12:19:17.414606Z
1.0,PRODUCT,adbuilder-ai,FREEMIUM,AI-Tools-List (github),https://adbuilder.io,2026-09-15T12:19:17.108612Z
1.0,PRODUCT,social360,FREEMIUM,AI-Tools-List (github),https://www.social360.ai,2026-09-15T12:19:10.244071Z
1.0,PRODUCT,marmof,FREEMIUM,AI-Tools-List (github),https://marmof.com/,2026-09-15T12:19:20.691946Z
1.0,PRODUCT,planpost-ai-best-ai-content-generator,FREEMIUM,AI-Tools-List (github),https://planpostai.com,2026-09-15T12:19:20.778551Z
1.0,PRODUCT,typeflowai,FREEMIUM,AI-Tools-List (github),https://typeflowai.com,2026-09-15T12:19:16.902369Z
1.0,PRODUCT,dinuai,FREEMIUM,AI-Tools-List (github),https://app.dinuai.com,2026-09-15T12:19:20.074252Z
1.0,PRODUCT,copyshark-ai,FREEMIUM,AI-Tools-List (github),https://copyshark.ai,2026-09-15T12:19:22.857310Z
1.0,PRODUCT,xbuilder-ai,PAID,AI-Tools-List (github),https://xbuilder.ai,2026-09-15T12:19:14.640881Z
1.0,PRODUCT,seogeek,FREEMIUM,AI-Tools-List (github),https://seogeek.io,2026-09-15T12:19:23.011586Z
1.0,PRODUCT,epicly-ai,PAID,AI-Tools-List (github),https://www.epicly.ai,2026-09-15T12:19:26.099350Z
1.0,PRODUCT,autotext-ai,FREEMIUM,AI-Tools-List (github),https://autotext.app,2026-09-15T12:19:25.700666Z
1.0,PRODUCT,copyfrog-ai,FREEMIUM,AI-Tools-List (github),https://copyfrog.ai,2026-09-15T12:19:19.560658Z
1.0,PRODUCT,loopgenius-com,PAID,AI-Tools-List (github),https://loopgenius.com,2026-09-15T12:19:21.937681Z
1.0,PRODUCT,deeply-cz,FREEMIUM,AI-Tools-List (github),https://deeply.cz,2026-09-15T12:19:28.532146Z
1.0,PRODUCT,notey-ai,FREEMIUM,AI-Tools-List (github),https://notey.ai,2026-09-15T12:19:24.541917Z
1.0,PRODUCT,sagui-ai,FREEMIUM,AI-Tools-List (github),https://sagui.ai,2026-09-15T12:19:30.715014Z
1.0,PRODUCT,vibrance,FREEMIUM,AI-Tools-List (github),https://vibrance.design,2026-09-15T12:19:31.572097Z
1.0,PRODUCT,copypilot,PAID,AI-Tools-List (github),https://www.copypilot.io/,2026-09-15T12:19:26.933149Z
1.0,PRODUCT,copyly,FREEMIUM,AI-Tools-List (github),https://www.copyly.io,2026-09-15T12:19:32.861158Z
1.0,PRODUCT,firebay-studios,FREEMIUM,AI-Tools-List (github),https://www.firebaystudios.com,2026-09-15T12:19:33.240868Z
1.0,PRODUCT,neuron-make-ai,FREEMIUM,AI-Tools-List (github),https://neuronmake.com,2026-09-15T12:19:33.304309Z
1.0,PRODUCT,aiwrita,FREEMIUM,AI-Tools-List (github),https://aiwrita.com,2026-09-15T12:19:35.243210Z
1.0,PRODUCT,glorifyapp-com,FREEMIUM,AI-Tools-List (github),https://glorifyapp.com,2026-09-15T12:19:36.326161Z
1.0,PRODUCT,lifemind,FREEMIUM,AI-Tools-List (github),https://lifemind.ai,2026-09-15T12:19:33.040025Z
1.0,PRODUCT,deep-marketer,FREEMIUM,AI-Tools-List (github),https://deepmarketer.ai,2026-09-15T12:19:37.075306Z
1.0,PRODUCT,whateverlogo,PAID,AI-Tools-List (github),https://whateverlogo.com,2026-09-15T12:19:28.755778Z
1.0,PRODUCT,folktalk,FREEMIUM,AI-Tools-List (github),https://www.folktalk.in,2026-09-15T12:19:38.755961Z
1.0,PRODUCT,ai-note-ai-writing-tool,PAID,AI-Tools-List (github),https://ainote.com.au,2026-09-15T12:19:31.093831Z
1.0,PRODUCT,arconar,FREEMIUM,AI-Tools-List (github),https://arconar.com,2026-09-15T12:19:39.204925Z
1.0,PRODUCT,optimyzee,FREEMIUM,AI-Tools-List (github),https://www.optimyzee.com,2026-09-15T12:19:41.263120Z
1.0,PRODUCT,getsleek-ai,PAID,AI-Tools-List (github),https://getsleek.ai,2026-09-15T12:19:33.720937Z
1.0,PRODUCT,on-target-ai,PAID,AI-Tools-List (github),https://on-target.ai,2026-09-15T12:19:38.671111Z
1.0,PRODUCT,glato-ai-beta,FREEMIUM,AI-Tools-List (github),https://glato.ai,2026-09-15T12:19:43.211921Z
1.0,PRODUCT,rooftops-ai,FREEMIUM,AI-Tools-List (github),https://rooftops.ai,2026-09-15T12:19:43.304739Z
1.0,PRODUCT,pacifis-ai,FREEMIUM,AI-Tools-List (github),https://pacifisai.com,2026-09-15T12:19:43.404102Z
1.0,PRODUCT,donakosy,FREEMIUM,AI-Tools-List (github),https://www.Donakosy.com,2026-09-15T12:19:35.744816Z
1.0,PRODUCT,lek,FREEMIUM,AI-Tools-List (github),https://lek.ai,2026-09-15T12:19:40.957746Z
1.0,PRODUCT,regem-ai-platform,FREEMIUM,AI-Tools-List (github),https://regemai.com,2026-09-15T12:19:43.534579Z
1.0,PRODUCT,friday-ai,FREEMIUM,AI-Tools-List (github),https://www.heyfriday.ai,2026-09-15T12:19:46.206079Z
1.0,PRODUCT,septimo-io,FREEMIUM,AI-Tools-List (github),https://septimo.io/register,2026-09-15T12:19:46.315044Z
1.0,PRODUCT,jaeves,FREEMIUM,AI-Tools-List (github),https://jaeves.com,2026-09-15T12:19:48.514526Z
1.0,PRODUCT,aitorke,FREEMIUM,AI-Tools-List (github),https://www.aitorke.com/,2026-09-15T12:19:48.793630Z
1.0,PRODUCT,ideaaize,FREEMIUM,AI-Tools-List (github),https://ideaaize.com,2026-09-15T12:19:43.481153Z
1.0,PRODUCT,copypage,FREEMIUM,AI-Tools-List (github),https://www.copypage.online,2026-09-15T12:19:51.045829Z
1.0,PRODUCT,hireyay,PAID,AI-Tools-List (github),https://hireyay.com,2026-09-15T12:19:46.001003Z
1.0,PRODUCT,artiro,FREEMIUM,AI-Tools-List (github),https://artiro.app,2026-09-15T12:19:48.266908Z
1.0,PRODUCT,vossle,FREEMIUM,AI-Tools-List (github),https://www.vossle.com,2026-09-15T12:19:48.949051Z
1.0,PRODUCT,aioai,FREEMIUM,AI-Tools-List (github),https://aioai.co,2026-09-15T12:19:53.230736Z
1.0,PRODUCT,clevopyai,FREEMIUM,AI-Tools-List (github),https://clevopy.ai/,2026-09-15T12:19:53.595260Z
1.0,PRODUCT,aug-x-labs-ai-video-editing,FREEMIUM,AI-Tools-List (github),https://www.augxlabs.com,2026-09-15T12:19:50.967358Z
1.0,PRODUCT,writenow-ai,FREEMIUM,AI-Tools-List (github),https://writenowai.com,2026-09-15T12:19:53.509883Z
1.0,PRODUCT,pro-writing-kit,FREEMIUM,AI-Tools-List (github),https://prowritingkit.com,2026-09-15T12:19:55.924788Z
1.0,PRODUCT,mypromptstudio,FREEMIUM,AI-Tools-List (github),https://www.mypromptstudio.com,2026-09-15T12:19:53.421876Z
1.0,PRODUCT,marketer-geni,FREEMIUM,AI-Tools-List (github),https://marketergeni.com,2026-09-15T12:19:58.716117Z
1.0,PRODUCT,templify-ai,FREEMIUM,AI-Tools-List (github),https://templify.ai,2026-09-15T12:19:58.864159Z
1.0,PRODUCT,scanlist,FREEMIUM,AI-Tools-List (github),https://scanlist.ai,2026-09-15T12:19:58.906242Z
1.0,PRODUCT,starsky-ai,FREEMIUM,AI-Tools-List (github),https://starsky.pro,2026-09-15T12:19:55.710537Z
1.0,PRODUCT,cretorial-ai,FREEMIUM,AI-Tools-List (github),https://www.cretorial.ai,2026-09-15T12:19:56.865187Z
1.0,PRODUCT,flapper-ai,FREEMIUM,AI-Tools-List (github),https://flapper.ai,2026-09-15T12:19:58.307779Z
1.0,PRODUCT,spyro-ai,FREEMIUM,AI-Tools-List (github),https://spyro.ai,2026-09-15T12:19:58.484619Z
1.0,PRODUCT,jiandikie,FREEMIUM,AI-Tools-List (github),https://www.jiandikie.com,2026-09-15T12:20:01.059924Z
1.0,PRODUCT,copygen,FREEMIUM,AI-Tools-List (github),https://copygen.xyz,2026-09-15T12:20:03.364936Z
1.0,PRODUCT,conceptai,PAID,AI-Tools-List (github),https://conceptai.app,2026-09-15T12:20:00.437124Z
1.0,PRODUCT,clearmix,PAID,AI-Tools-List (github),https://clearmix.com,2026-09-15T12:20:03.696509Z
1.0,PRODUCT,ai-wrytr,FREEMIUM,AI-Tools-List (github),https://aiwrytr.com,2026-09-15T12:20:06.999780Z
1.0,PRODUCT,ai-product-tools,FREEMIUM,AI-Tools-List (github),https://www.aiproducttools.com,2026-09-15T12:20:03.540337Z
1.0,PRODUCT,fresho,PAID,AI-Tools-List (github),https://fresho.dev,2026-09-15T12:20:06.606121Z
1.0,PRODUCT,make-content,FREEMIUM,AI-Tools-List (github),https://makecontent.net,2026-09-15T12:20:08.961517Z
1.0,PRODUCT,freelino,FREEMIUM,AI-Tools-List (github),https://freelino.com,2026-09-15T12:20:08.653272Z
1.0,PRODUCT,insertchatgpt,FREEMIUM,AI-Tools-List (github),https://insertchatgpt.com/,2026-09-15T12:20:08.766887Z
1.0,PRODUCT,collider-ai,PAID,AI-Tools-List (github),https://cldr.ai,2026-09-15T12:20:06.471090Z
1.0,PRODUCT,maso-ai,FREEMIUM,AI-Tools-List (github),https://masoai.com,2026-09-15T12:20:10.963543Z
1.0,PRODUCT,clarityscribe-ai,FREEMIUM,AI-Tools-List (github),https://www.clarityscribe.com,2026-09-15T12:20:08.726509Z
1.0,PRODUCT,lilybank-ai,PAID,AI-Tools-List (github),https://lilybankai.com,2026-09-15T12:20:11.216992Z
1.0,PRODUCT,quickpenai,FREEMIUM,AI-Tools-List (github),https://quickpenai.com/,2026-09-15T12:20:13.289376Z
1.0,PRODUCT,aipakistani,FREEMIUM,AI-Tools-List (github),https://aipakistani.com,2026-09-15T12:20:16.189998Z
1.0,PRODUCT,wordspilot,FREEMIUM,AI-Tools-List (github),https://codewp.ai/,2026-09-15T12:20:16.378152Z
1.0,PRODUCT,jaydee-ai,FREEMIUM,AI-Tools-List (github),https://jaydeeai.com,2026-09-15T12:20:13.569024Z
1.0,PRODUCT,ai-thingy,FREEMIUM,AI-Tools-List (github),https://aithingy.co,2026-09-15T12:20:11.456124Z
1.0,PRODUCT,cluc-io,FREEMIUM,AI-Tools-List (github),https://cluc.io,2026-09-15T12:20:13.936664Z
1.0,PRODUCT,writechamp-io,FREEMIUM,AI-Tools-List (github),https://writechamp.io,2026-09-15T12:20:16.299826Z
1.0,PRODUCT,codest,FREEMIUM,AI-Tools-List (github),https://wcodest.com,2026-09-15T12:20:19.452312Z
1.0,PRODUCT,appai,FREEMIUM,AI-Tools-List (github),https://appai.co.uk,2026-09-15T12:20:16.160869Z
1.0,PRODUCT,promptext,FREEMIUM,AI-Tools-List (github),https://promptext.io,2026-09-15T12:20:19.549995Z
1.0,PRODUCT,motionscribe,FREE,AI-Tools-List (github),https://motionscribe.lemonsqueezy.com,2026-09-15T12:20:23.973627Z
1.0,PRODUCT,chatwizard-1-click-chatgpt-prompts,FREE,AI-Tools-List (github),https://chatwizard.online,2026-09-15T12:20:16.131004Z
1.0,PRODUCT,ai-scribe-pro,FREEMIUM,AI-Tools-List (github),https://aiscribepro.com,2026-09-15T12:20:19.275307Z
1.0,PRODUCT,writeai-tech,FREEMIUM,AI-Tools-List (github),https://writeai.tech,2026-09-15T12:20:24.454257Z
1.0,PRODUCT,disperto,FREEMIUM,AI-Tools-List (github),https://ai.disperto.com/,2026-09-15T12:20:21.910849Z
1.0,PRODUCT,govoice,FREEMIUM,AI-Tools-List (github),https://govoice.app,2026-09-15T12:20:22.168626Z
1.0,PRODUCT,ai-speeder,FREEMIUM,AI-Tools-List (github),https://ai-speeder.com/,2026-09-15T12:20:26.390293Z
1.0,PRODUCT,toolsit,FREEMIUM,AI-Tools-List (github),https://toolsit.ai,2026-09-15T12:20:27.507291Z
1.0,PRODUCT,ailora-ai,FREEMIUM,AI-Tools-List (github),https://ailora.io,2026-09-15T12:20:27.750516Z
1.0,PRODUCT,writebyai,FREEMIUM,AI-Tools-List (github),https://app.writebyai.com/,2026-09-15T12:20:29.611919Z
1.0,PRODUCT,amzx,PAID,AI-Tools-List (github),https://amzx.io,2026-09-15T12:20:23.766784Z
1.0,PRODUCT,airychat,FREEMIUM,AI-Tools-List (github),https://airychat.com,2026-09-15T12:20:26.269901Z
1.0,PRODUCT,reedit,FREEMIUM,AI-Tools-List (github),https://reedit.app,2026-09-15T12:20:31.650640Z
1.0,PRODUCT,writeturbo,FREEMIUM,AI-Tools-List (github),https://writeturbo.com,2026-09-15T12:20:26.136983Z
1.0,PRODUCT,texthub-ai,FREEMIUM,AI-Tools-List (github),https://www.texthubai.com,2026-09-15T12:20:28.807939Z
1.0,PRODUCT,writebot-ai,FREEMIUM,AI-Tools-List (github),https://aiwritertool.org,2026-09-15T12:20:32.991389Z
1.0,PRODUCT,somantic-ai,FREEMIUM,AI-Tools-List (github),https://www.somanticai.com,2026-09-15T12:20:33.115403Z
1.0,PRODUCT,mindmeldcanvas-ai,FREE,AI-Tools-List (github),https://mindmeldcanvas.com,2026-09-15T12:20:30.994778Z
1.0,PRODUCT,ai-writing-assistant,FREEMIUM,AI-Tools-List (github),https://www.jotterspad.com,2026-09-15T12:20:35.401350Z
1.0,PRODUCT,scribfy,FREEMIUM,AI-Tools-List (github),https://www.scribfy.app,2026-09-15T12:20:35.419961Z
1.0,PRODUCT,impulse-ai,FREEMIUM,AI-Tools-List (github),https://impulseai.io,2026-09-15T12:20:27.996551Z
1.0,PRODUCT,jat-ai-hub,FREEMIUM,AI-Tools-List (github),https://ai.jat.link/locale/en,2026-09-15T12:20:35.715910Z
1.0,PRODUCT,wordadai,FREEMIUM,AI-Tools-List (github),https://wordadai.com,2026-09-15T12:20:37.832349Z
1.0,PRODUCT,typerrr-com,FREEMIUM,AI-Tools-List (github),https://typerrr.com,2026-09-15T12:20:42.504404Z
1.0,PRODUCT,uvoh-com,FREEMIUM,AI-Tools-List (github),https://uvoh.com,2026-09-15T12:20:30.192872Z
1.0,PRODUCT,reetail-store,FREEMIUM,AI-Tools-List (github),https://reetail.store,2026-09-15T12:20:42.269065Z
1.0,PRODUCT,nando-ai,FREEMIUM,AI-Tools-List (github),https://nando.ai,2026-09-15T12:20:37.814395Z
1.0,PRODUCT,enginewp-elevate-your-website,FREEMIUM,AI-Tools-List (github),https://enginewp.com,2026-09-15T12:20:32.214681Z
1.0,PRODUCT,logic-lister-ai,PAID,AI-Tools-List (github),https://Logiclister.com,2026-09-15T12:20:35.711633Z
1.0,PRODUCT,feather-ai,FREEMIUM,AI-Tools-List (github),https://app.feather-ai.io/s_inscrire,2026-09-15T12:20:40.555284Z
1.0,PRODUCT,openaidonakosy,FREEMIUM,AI-Tools-List (github),https://www.OpenAIDonakosy.com,2026-09-15T12:20:45.069418Z
1.0,PRODUCT,friz,FREEMIUM,AI-Tools-List (github),https://www.usefriz.com,2026-09-15T12:20:48.846021Z
1.0,PRODUCT,e-commerce-ai,FREEMIUM,AI-Tools-List (github),https://ecommerce-ai.net,2026-09-15T12:20:49.061004Z
1.0,PRODUCT,contenthubai-com,PAID,AI-Tools-List (github),https://contenthubai.com,2026-09-15T12:20:46.384647Z
1.0,PRODUCT,writarai,FREEMIUM,AI-Tools-List (github),https://writarai.com,2026-09-15T12:20:49.651332Z
1.0,PRODUCT,crea-de-xmetaverso,PAID,AI-Tools-List (github),https://crea.xmetaverso.com,2026-09-15T12:20:39.078259Z
1.0,PRODUCT,doerplan-automated-marketing-strategies,FREEMIUM,AI-Tools-List (github),https://www.doerplan.com,2026-09-15T12:20:46.910567Z
1.0,PRODUCT,synapso-ai,FREEMIUM,AI-Tools-List (github),https://synapso.ai,2026-09-15T12:20:51.707485Z
1.0,PRODUCT,magicads-ai,FREEMIUM,AI-Tools-List (github),https://magicads.ai,2026-09-15T12:20:42.240404Z
1.0,PRODUCT,sora-video-ai,FREEMIUM,AI-Tools-List (github),https://soravideo.ai,2026-09-15T12:20:49.129434Z
1.0,PRODUCT,m-ai-mymarketing-ai,FREEMIUM,AI-Tools-List (github),https://mymarketing-ai.app,2026-09-15T12:20:44.243442Z
1.0,PRODUCT,producthero-ai,FREEMIUM,AI-Tools-List (github),https://producthero.ai,2026-09-15T12:20:53.719208Z
1.0,PRODUCT,getresponse-fr,FREEMIUM,AI-Tools-List (github),https://www.getresponse.com,2026-09-15T12:20:48.340395Z
1.0,PRODUCT,gaxu,FREEMIUM,AI-Tools-List (github),https://gaxu.swai.ai,2026-09-15T12:20:51.160488Z
1.0,PRODUCT,expert-robot-pro,FREEMIUM,AI-Tools-List (github),https://expertrobot.pro,2026-09-15T12:20:56.549083Z
1.0,PRODUCT,ramban-ai,FREEMIUM,AI-Tools-List (github),https://www.ramban.ai,2026-09-15T12:20:57.315599Z
1.0,PRODUCT,hopprz,FREEMIUM,AI-Tools-List (github),https://hopprz.com,2026-09-15T12:20:50.879379Z
1.0,PRODUCT,boostrbot,FREEMIUM,AI-Tools-List (github),https://boostrbot.com/register,2026-09-15T12:20:53.715533Z
1.0,PRODUCT,gen-master,FREEMIUM,AI-Tools-List (github),https://genmaster.ai/register,2026-09-15T12:20:56.949336Z
1.0,PRODUCT,autron-ai,PAID,AI-Tools-List (github),https://autron.io/,2026-09-15T12:21:00.144670Z
1.0,PRODUCT,ai-content-idea-generator,FREEMIUM,AI-Tools-List (github),https://lazywrite.com,2026-09-15T12:21:02.678027Z
1.0,PRODUCT,weexai,FREEMIUM,AI-Tools-List (github),https://weexai.com,2026-09-15T12:20:53.652322Z
1.0,PRODUCT,darwin-studio,PAID,AI-Tools-List (github),https://www.darwinstudio.ai,2026-09-15T12:20:56.844424Z
1.0,PRODUCT,ai-genius-writer-ecommerce-writing,FREEMIUM,AI-Tools-List (github),https://aigeniuswriter.com,2026-09-15T12:21:07.308528Z
1.0,PRODUCT,heenok,FREEMIUM,AI-Tools-List (github),https://heenok.com,2026-09-15T12:21:05.027552Z
1.0,PRODUCT,copie,FREEMIUM,AI-Tools-List (github),https://copie.io,2026-09-15T12:21:11.367159Z
1.0,PRODUCT,datagems,FREEMIUM,AI-Tools-List (github),https://datagems.ai,2026-09-15T12:21:11.488698Z
1.0,PRODUCT,meduza-ai,PAID,AI-Tools-List (github),https://aimeduza.com,2026-09-15T12:21:14.631451Z
1.0,PRODUCT,imitate-ai,FREE,AI-Tools-List (github),https://www.imipics.ai,2026-09-15T12:21:14.664886Z
1.0,PRODUCT,siuuu-ai,FREEMIUM,AI-Tools-List (github),https://app.siuuu.ai/,2026-09-15T12:21:01.432084Z
1.0,PRODUCT,sage-marketer-data,PAID,AI-Tools-List (github),https://sage-marketer.com,2026-09-15T12:20:59.265649Z
1.0,PRODUCT,colocio-ai,FREEMIUM,AI-Tools-List (github),https://www.colocio.com,2026-09-15T12:21:11.385543Z
1.0,PRODUCT,ai-wizard,PAID,AI-Tools-List (github),https://aiwizard.live,2026-09-15T12:21:05.318787Z
1.0,PRODUCT,geniusmindsai,FREEMIUM,AI-Tools-List (github),https://www.geniusmindsai.com/,2026-09-15T12:21:17.789419Z
1.0,PRODUCT,asseto,PAID,AI-Tools-List (github),https://asseto.tools,2026-09-15T12:21:12.111302Z
1.0,PRODUCT,momoai-art,PAID,AI-Tools-List (github),https://momoai.art,2026-09-15T12:21:08.332125Z
1.0,PRODUCT,baklavai-com,FREEMIUM,AI-Tools-List (github),https://baklavai.com,2026-09-15T12:21:14.637747Z
1.0,PRODUCT,copywriterpro,FREEMIUM,AI-Tools-List (github),https://copywriterpro.ai,2026-09-15T12:21:26.652697Z
1.0,PRODUCT,sprkr,FREEMIUM,AI-Tools-List (github),https://sprkr.it,2026-09-15T12:21:26.725168Z
1.0,PRODUCT,cannypen,FREEMIUM,AI-Tools-List (github),https://cannypen.com,2026-09-15T12:21:27.696002Z
1.0,PRODUCT,atbridges,FREEMIUM,AI-Tools-List (github),https://atbridges.ai,2026-09-15T12:21:27.893567Z
1.0,PRODUCT,write-label,FREEMIUM,AI-Tools-List (github),https://writelabel.ai,2026-09-15T12:21:33.530569Z
1.0,PRODUCT,marevo,FREEMIUM,AI-Tools-List (github),https://marevo.io,2026-09-15T12:21:16.710361Z
1.0,PRODUCT,instapg-es,FREEMIUM,AI-Tools-List (github),https://instapg.es,2026-09-15T12:21:19.720661Z
1.0,PRODUCT,zeedle-ai,FREEMIUM,AI-Tools-List (github),https://zeedleai.com,2026-09-15T12:21:34.375933Z
1.0,PRODUCT,qovai,FREEMIUM,AI-Tools-List (github),https://qovai.com,2026-09-15T12:21:34.650018Z
1.0,PRODUCT,pleasureye,FREE,AI-Tools-List (github),https://pleasureye.com,2026-09-15T12:21:22.021945Z
1.0,PRODUCT,skriptify,FREEMIUM,AI-Tools-List (github),https://arnaudlabs.lemonsqueezy.com,2026-09-15T12:21:30.601259Z
1.0,PRODUCT,birdseye,PAID,AI-Tools-List (github),https://birdseyeglobal.com,2026-09-15T12:21:24.141783Z
1.0,PRODUCT,floxi-io,FREEMIUM,AI-Tools-List (github),https://floxi.io,2026-09-15T12:21:39.213204Z
1.0,PRODUCT,turbo-generate,FREEMIUM,AI-Tools-List (github),https://turbogenerate.com,2026-09-15T12:21:26.590077Z
1.0,PRODUCT,prompt-commerce,FREEMIUM,AI-Tools-List (github),https://promptcommerce.site,2026-09-15T12:21:41.941905Z
1.0,PRODUCT,clip-studio-ai,FREEMIUM,AI-Tools-List (github),https://www.clipstudio.ai,2026-09-15T12:21:35.614845Z
1.0,PRODUCT,cherrytree-ai,FREEMIUM,AI-Tools-List (github),https://www.cherrytree.ai,2026-09-15T12:21:41.648146Z
1.0,PRODUCT,scriptaa,PAID,AI-Tools-List (github),https://www.scriptaa.io,2026-09-15T12:21:29.354238Z
1.0,PRODUCT,promarkia,FREEMIUM,AI-Tools-List (github),https://www.promarkia.com,2026-09-15T12:21:35.647007Z
1.0,PRODUCT,buzzin-spots-ai-social-commerce-toolkit,FREEMIUM,AI-Tools-List (github),https://www.buzzinspots.com,2026-09-15T12:21:44.395282Z
1.0,PRODUCT,cherrie,PAID,AI-Tools-List (github),https://cherrie.ai,2026-09-15T12:21:31.495389Z
1.0,PRODUCT,axofy-ai,FREEMIUM,AI-Tools-List (github),https://axofy.ai,2026-09-15T12:21:44.365225Z
1.0,PRODUCT,slidereels,PAID,AI-Tools-List (github),https://codeswish.lemonsqueezy.com,2026-09-15T12:21:39.908180Z
1.0,PRODUCT,free-tools-provider,FREE,AI-Tools-List (github),https://freecreate.online,2026-09-15T12:21:46.934876Z
1.0,PRODUCT,copyblaze,FREEMIUM,AI-Tools-List (github),https://copyblaze.xyz,2026-09-15T12:21:37.862637Z
1.0,PRODUCT,preemedia-ai-ugc-ads,FREEMIUM,AI-Tools-List (github),https://preemedia.com,2026-09-15T12:21:46.868908Z
1.0,PRODUCT,maqnet-ai,FREEMIUM,AI-Tools-List (github),https://maqnet.ai,2026-09-15T12:21:46.891822Z
1.0,PRODUCT,smartlyq,PAID,AI-Tools-List (github),https://smartlyq.com,2026-09-15T12:21:42.312203Z
1.0,PRODUCT,portal-by-20vision,FREE,AI-Tools-List (github),https://20.vision,2026-09-15T12:21:49.748910Z
1.0,PRODUCT,veo-3-ai,FREEMIUM,AI-Tools-List (github),https://veo3.co,2026-09-15T12:21:50.288078Z
1.0,PRODUCT,writegenic-ai,PAID,AI-Tools-List (github),https://writegenic.ai,2026-09-15T12:21:44.627279Z
1.0,PRODUCT,groas,PAID,AI-Tools-List (github),https://groas.ai,2026-09-15T12:21:46.812974Z
1.0,PRODUCT,triple-whale,FREEMIUM,AI-Tools-List (github),https://www.triplewhale.com,2026-09-15T12:21:53.587362Z
1.0,PRODUCT,hypeauditor-com,PAID,AI-Tools-List (github),https://hypeauditor.com,2026-09-15T12:21:50.575502Z
1.0,PRODUCT,recruit-crm,PAID,AI-Tools-List (github),https://workforcecloudtechinc.pxf.io/21oj50,2026-09-15T12:21:52.942405Z
1.0,PRODUCT,aisensy,PAID,AI-Tools-List (github),https://wa.aisensy.com/short/aabdl13,2026-09-15T12:22:00.990219Z
1.0,PRODUCT,ifable,FREE,AI-Tools-List (github),https://www.ifable.ai/start,2026-09-15T12:21:58.415040Z
1.0,PRODUCT,testmarket-analytics-inc,PAID,AI-Tools-List (github),https://testmarket.io,2026-09-15T12:21:55.386230Z
1.0,PRODUCT,scaleinsights-com,FREEMIUM,AI-Tools-List (github),https://scaleinsights.com,2026-09-15T12:22:01.836198Z
1.0,PRODUCT,200-chatgpt-mega-prompts-for-business,FREEMIUM,AI-Tools-List (github),https://www.godofprompt.ai/business-mega-prompts,2026-09-15T12:21:55.424057Z
1.0,PRODUCT,seomator,FREEMIUM,AI-Tools-List (github),https://seomator.com,2026-09-15T12:22:03.635188Z
1.0,PRODUCT,sellersnap-io,PAID,AI-Tools-List (github),https://referrals.sellersnap.io/l/toolify/,2026-09-15T12:21:52.939936Z
1.0,PRODUCT,rozetta-jp,PAID,AI-Tools-List (github),https://rozetta.jp,2026-09-15T12:22:06.518871Z
1.0,PRODUCT,symphonyos-co,FREEMIUM,AI-Tools-List (github),https://symphonyos.co/join,2026-09-15T12:21:57.690582Z
1.0,PRODUCT,twelvelabs,FREEMIUM,AI-Tools-List (github),https://www.twelvelabs.io,2026-09-15T12:22:11.976077Z
1.0,PRODUCT,adnabu-2-0,FREEMIUM,AI-Tools-List (github),https://www.adnabu.com,2026-09-15T12:22:12.683756Z
1.0,PRODUCT,qrcode-ai,FREEMIUM,AI-Tools-List (github),https://qrcode-ai.com/,2026-09-15T12:22:12.105464Z
1.0,PRODUCT,visionstory-ai,FREEMIUM,AI-Tools-List (github),https://www.visionstory.ai,2026-09-15T12:22:18.137836Z
1.0,PRODUCT,bik-ai,PAID,AI-Tools-List (github),https://bik.ai,2026-09-15T12:22:07.081798Z
1.0,PRODUCT,hammer-corp-com,ENTERPRISE,AI-Tools-List (github),https://hammer-corp.com,2026-09-15T12:22:00.255916Z
1.0,PRODUCT,247-inc-com,ENTERPRISE,AI-Tools-List (github),https://247-inc.com,2026-09-15T12:22:02.370683Z
1.0,PRODUCT,realeye-io,FREEMIUM,AI-Tools-List (github),https://realeye.io,2026-09-15T12:22:14.961150Z
1.0,PRODUCT,zmaticoo-com,ENTERPRISE,AI-Tools-List (github),https://zmaticoo.com,2026-09-15T12:22:04.489510Z
1.0,PRODUCT,anyclip-the-genius-platform,ENTERPRISE,AI-Tools-List (github),https://anyclip.com,2026-09-15T12:22:14.740239Z
1.0,PRODUCT,adflex-ad-intelligence,PAID,AI-Tools-List (github),https://adflex.io,2026-09-15T12:22:17.448023Z
1.0,PRODUCT,lebesgue,PAID,AI-Tools-List (github),https://lebesgue.io,2026-09-15T12:22:11.238968Z
1.0,PRODUCT,perq-com,PAID,AI-Tools-List (github),https://perq.com,2026-09-15T12:22:09.251879Z
1.0,PRODUCT,wortal,FREEMIUM,AI-Tools-List (github),https://wortal.ai,2026-09-15T12:22:24.834174Z
1.0,PRODUCT,opinly-ai,FREEMIUM,AI-Tools-List (github),https://opinly.ai,2026-09-15T12:22:24.535509Z
1.0,PRODUCT,growify,PAID,AI-Tools-List (github),https://growify.ai,2026-09-15T12:22:21.834762Z
1.0,PRODUCT,competitors-app,PAID,AI-Tools-List (github),https://competitors.app,2026-09-15T12:22:21.915719Z
1.0,PRODUCT,trendrocket-io,FREEMIUM,AI-Tools-List (github),https://www.trendrocket.io/,2026-09-15T12:22:26.905847Z
1.0,PRODUCT,lytics-com,FREEMIUM,AI-Tools-List (github),https://lytics.com,2026-09-15T12:22:26.730639Z
1.0,PRODUCT,brandbastion-lite,PAID,AI-Tools-List (github),https://www.brandbastion.com,2026-09-15T12:22:16.935245Z
1.0,PRODUCT,quetta-browser,FREE,AI-Tools-List (github),https://www.quetta.net,2026-09-15T12:22:22.302109Z
1.0,PRODUCT,markopolo-ai,FREEMIUM,AI-Tools-List (github),https://app.markopolo.ai/signup,2026-09-15T12:22:29.219925Z
1.0,PRODUCT,bizmagnets,FREEMIUM,AI-Tools-List (github),https://bizmagnets.ai,2026-09-15T12:22:31.100677Z
1.0,PRODUCT,trueroas-io,PAID,AI-Tools-List (github),https://trueroas.io,2026-09-15T12:22:19.359613Z
1.0,PRODUCT,escribelo-ai,FREEMIUM,AI-Tools-List (github),https://escribelo.ai,2026-09-15T12:22:25.790472Z
1.0,PRODUCT,buzzabout,FREEMIUM,AI-Tools-List (github),https://buzzabout.ai,2026-09-15T12:22:36.975854Z
1.0,PRODUCT,shai,PAID,AI-Tools-List (github),https://shaicreative.ai,2026-09-15T12:22:28.968621Z
1.0,PRODUCT,versium-reach,PAID,AI-Tools-List (github),https://www.versium.com,2026-09-15T12:22:48.850673Z
1.0,PRODUCT,newormedia-com,PAID,AI-Tools-List (github),https://newormedia.com/sign,2026-09-15T12:22:28.289273Z
1.0,PRODUCT,convertmate,PAID,AI-Tools-List (github),https://app.partnerjam.com/install,2026-09-15T12:22:35.976206Z
1.0,PRODUCT,smax-ai,FREEMIUM,AI-Tools-List (github),https://smax.ai/en,2026-09-15T12:22:36.391644Z
1.0,PRODUCT,onebytelabs-in,PAID,AI-Tools-List (github),https://onebytelabs.in,2026-09-15T12:22:31.059137Z
1.0,PRODUCT,doublecloud-with-gpt-4,FREE,AI-Tools-List (github),https://double.cloud,2026-09-15T12:22:41.999315Z
1.0,PRODUCT,quartile-com,PAID,AI-Tools-List (github),https://partnerstack.quartile.com/1502srovb9hu,2026-09-15T12:22:43.230277Z
1.0,PRODUCT,lensai-shoppable-and-contextual,ENTERPRISE,AI-Tools-List (github),https://lens-ai.com,2026-09-15T12:22:44.349440Z
1.0,PRODUCT,inr,FREEMIUM,AI-Tools-List (github),https://www.inro.social,2026-09-15T12:22:49.936540Z
1.0,PRODUCT,modelia,PAID,AI-Tools-List (github),https://www.modelia.ai,2026-09-15T12:22:36.056414Z
1.0,PRODUCT,keywordsearch-com,PAID,AI-Tools-List (github),https://keywordsearch.com,2026-09-15T12:22:36.045385Z
1.0,PRODUCT,keywordsearch-com-1,PAID,AI-Tools-List (github),https://www.keywordsearch.com,2026-09-15T12:22:41.375758Z
1.0,PRODUCT,base-for-music,PAID,AI-Tools-List (github),https://www.baseformusic.com,2026-09-15T12:22:41.088375Z
1.0,PRODUCT,bidmatic-io,ENTERPRISE,AI-Tools-List (github),https://bidmatic.io,2026-09-15T12:23:06.733996Z
1.0,PRODUCT,bythenumbersapp-com,PAID,AI-Tools-List (github),https://bythenumbersapp.com,2026-09-15T12:23:06.894046Z
1.0,PRODUCT,peeksta-com,PAID,AI-Tools-List (github),https://peeksta.com/amember/aff/go/toolify,2026-09-15T12:23:00.266164Z
1.0,PRODUCT,infinitycloud-com,PAID,AI-Tools-List (github),https://infinitycloud.com,2026-09-15T12:22:47.866865Z
1.0,PRODUCT,intentsify,PAID,AI-Tools-List (github),https://intentsify.io,2026-09-15T12:22:56.813011Z
1.0,PRODUCT,music-tomorrow-com,FREEMIUM,AI-Tools-List (github),https://music-tomorrow.com,2026-09-15T12:23:20.715262Z
1.0,PRODUCT,kowboykit-com,PAID,AI-Tools-List (github),https://kowboykit.com,2026-09-15T12:23:08.710172Z
1.0,PRODUCT,windsor,PAID,AI-Tools-List (github),https://windsor.io/,2026-09-15T12:22:50.749894Z
1.0,PRODUCT,keak,PAID,AI-Tools-List (github),https://keak.com/,2026-09-15T12:22:54.664745Z
1.0,PRODUCT,kwrds-ai,FREEMIUM,AI-Tools-List (github),https://kwrds.ai/affiliate,2026-09-15T12:23:27.011208Z
1.0,PRODUCT,style-ai,FREEMIUM,AI-Tools-List (github),https://usestyle.ai,2026-09-15T12:23:27.337864Z
1.0,PRODUCT,koah,PAID,AI-Tools-List (github),https://koahlabs.com,2026-09-15T12:23:10.941127Z
1.0,PRODUCT,luminouscrm-com,PAID,AI-Tools-List (github),https://luminouscrm.com,2026-09-15T12:23:04.512405Z
1.0,PRODUCT,conduit-app,PAID,AI-Tools-List (github),https://getconduit.app/,2026-09-15T12:23:06.421327Z
1.0,PRODUCT,datahawk-co,PAID,AI-Tools-List (github),https://datahawk.co,2026-09-15T12:23:24.247125Z
1.0,PRODUCT,saaspedia,PAID,AI-Tools-List (github),https://saaspedia.io,2026-09-15T12:23:16.544535Z
1.0,PRODUCT,incremental-ai-tradeswell-ai,ENTERPRISE,AI-Tools-List (github),https://incremental.com,2026-09-15T12:23:19.794791Z
1.0,PRODUCT,spatial,ENTERPRISE,AI-Tools-List (github),https://www.spatial.ai,2026-09-15T12:23:20.032897Z
1.0,PRODUCT,infiniteanalytics-com,PAID,AI-Tools-List (github),https://infiniteanalytics.com,2026-09-15T12:23:35.666822Z
1.0,PRODUCT,influensly,PAID,AI-Tools-List (github),https://influensly.com,2026-09-15T12:23:36.068784Z
1.0,PRODUCT,strique,PAID,AI-Tools-List (github),https://strique.io,2026-09-15T12:23:22.234031Z
1.0,PRODUCT,gowit-retail-media-ads-platform,PAID,AI-Tools-List (github),https://gowit.com,2026-09-15T12:23:38.631012Z
1.0,PRODUCT,heatseeker-ai,PAID,AI-Tools-List (github),https://heatseeker.ai,2026-09-15T12:23:26.760859Z
1.0,PRODUCT,dappier-2-0,PAID,AI-Tools-List (github),https://dappier.com,2026-09-15T12:23:38.985719Z
1.0,PRODUCT,dappier,ENTERPRISE,AI-Tools-List (github),https://www.dappier.com,2026-09-15T12:23:39.012258Z
1.0,PRODUCT,ecomail,FREEMIUM,AI-Tools-List (github),https://ecomail.app,2026-09-15T12:23:39.111451Z
1.0,PRODUCT,greenbids-ai,ENTERPRISE,AI-Tools-List (github),https://greenbids.ai,2026-09-15T12:23:29.206023Z
1.0,PRODUCT,helloscribe,FREEMIUM,AI-Tools-List (github),https://helloscribe.ai,2026-09-15T12:23:32.219836Z
1.0,PRODUCT,workmagic-io,ENTERPRISE,AI-Tools-List (github),https://workmagic.io,2026-09-15T12:23:39.784545Z
1.0,PRODUCT,your-music-marketing,PAID,AI-Tools-List (github),https://yourmusic.marketing,2026-09-15T12:23:39.208936Z
1.0,PRODUCT,standard-ai,PAID,AI-Tools-List (github),https://standard.ai,2026-09-15T12:23:40.790294Z
1.0,PRODUCT,bluepear-brand-bidding-detection-tool,ENTERPRISE,AI-Tools-List (github),https://bluepear.net,2026-09-15T12:23:34.817168Z
1.0,PRODUCT,affable-ai,PAID,AI-Tools-List (github),https://www.affable.ai,2026-09-15T12:23:37.134234Z
1.0,PRODUCT,booleanmaths-pulse,PAID,AI-Tools-List (github),https://booleanmaths.com,2026-09-15T12:23:43.466028Z
1.0,PRODUCT,culturepulse-x-reddit,ENTERPRISE,AI-Tools-List (github),https://culturepulse.ai,2026-09-15T12:23:41.287061Z
1.0,PRODUCT,theineedgroup-co-uk,PAID,AI-Tools-List (github),https://theineedgroup.co.uk,2026-09-15T12:23:44.060325Z
1.0,PRODUCT,zeals-co-jp,PAID,AI-Tools-List (github),https://zeals.co.jp,2026-09-15T12:23:45.332480Z
1.0,PRODUCT,sitelifter-com,FREEMIUM,AI-Tools-List (github),https://sitelifter.com,2026-09-15T12:23:47.389558Z
1.0,PRODUCT,spok,FREEMIUM,AI-Tools-List (github),https://www.spok.app,2026-09-15T12:23:47.833528Z
1.0,PRODUCT,sellesta-com,PAID,AI-Tools-List (github),https://sellesta.com,2026-09-15T12:23:45.467407Z
1.0,PRODUCT,algomo,FREEMIUM,AI-Tools-List (github),https://www.algomo.com/,2026-09-15T12:23:48.402455Z
1.0,PRODUCT,bidinfluence,ENTERPRISE,AI-Tools-List (github),https://bidinfluence.com,2026-09-15T12:23:43.402694Z
1.0,PRODUCT,swayid,FREEMIUM,AI-Tools-List (github),https://www.swayid.com,2026-09-15T12:23:48.976970Z
1.0,PRODUCT,obviyo-com,PAID,AI-Tools-List (github),https://obviyo.com,2026-09-15T12:23:48.965391Z
1.0,PRODUCT,sounder-ai,PAID,AI-Tools-List (github),https://sounder.ai,2026-09-15T12:23:50.376332Z
1.0,PRODUCT,socialplaces-io,ENTERPRISE,AI-Tools-List (github),https://socialplaces.io,2026-09-15T12:23:50.478441Z
1.0,PRODUCT,mydataninja,PAID,AI-Tools-List (github),https://mydataninja.com,2026-09-15T12:23:50.807848Z
1.0,PRODUCT,quest-platform,ENTERPRISE,AI-Tools-List (github),https://www.questlabs.ai,2026-09-15T12:23:47.846434Z
1.0,PRODUCT,db24,PAID,AI-Tools-List (github),https://db24.ai/intelligent-database-automation,2026-09-15T12:23:49.973160Z
1.0,PRODUCT,trusted-clicks,PAID,AI-Tools-List (github),https://trustedclicks.ai,2026-09-15T12:24:01.673368Z
1.0,PRODUCT,getalfi-com,PAID,AI-Tools-List (github),https://getalfi.com,2026-09-15T12:24:03.364288Z
1.0,PRODUCT,carambola-com,FREE,AI-Tools-List (github),https://carambola.com,2026-09-15T12:24:03.366265Z
1.0,PRODUCT,humming-ai,ENTERPRISE,AI-Tools-List (github),https://humming.ai,2026-09-15T12:24:03.390249Z
1.0,PRODUCT,surface-labs,PAID,AI-Tools-List (github),https://withsurface.com,2026-09-15T12:23:53.660019Z
1.0,PRODUCT,sponsor-stream,PAID,AI-Tools-List (github),https://www.sponsorstreamai.com,2026-09-15T12:24:01.509871Z
1.0,PRODUCT,llmate,ENTERPRISE,AI-Tools-List (github),https://www.llmate.ai,2026-09-15T12:23:56.079552Z
1.0,PRODUCT,ads4gpts,PAID,AI-Tools-List (github),https://ads4gpts.com,2026-09-15T12:24:05.360914Z
1.0,PRODUCT,blue-bagels,PAID,AI-Tools-List (github),https://bluebagels.com,2026-09-15T12:24:09.423339Z
1.0,PRODUCT,pipedata-ai,PAID,AI-Tools-List (github),http://ai.pipedata.co,2026-09-15T12:24:09.385147Z
1.0,PRODUCT,ad-personam-self-serve-dsp,PAID,AI-Tools-List (github),https://www.adpersonam.io,2026-09-15T12:24:15.951055Z
1.0,PRODUCT,zopmedia-com,ENTERPRISE,AI-Tools-List (github),https://zopmedia.com,2026-09-15T12:24:02.340260Z
1.0,PRODUCT,quicklisting,PAID,AI-Tools-List (github),https://quicklist.ing/,2026-09-15T12:24:15.398734Z
1.0,PRODUCT,dotchat,PAID,AI-Tools-List (github),https://dotchat.co,2026-09-15T12:24:07.189869Z
1.0,PRODUCT,relay-club,FREEMIUM,AI-Tools-List (github),https://relay.club,2026-09-15T12:24:16.016385Z
1.0,PRODUCT,tradvo-com,FREEMIUM,AI-Tools-List (github),https://tradvo.com,2026-09-15T12:24:21.380917Z
1.0,PRODUCT,waveup-io-software,FREEMIUM,AI-Tools-List (github),https://waveup.io,2026-09-15T12:24:21.390904Z
1.0,PRODUCT,appdron-chatgpt-dashboard,FREEMIUM,AI-Tools-List (github),https://appdron.com,2026-09-15T12:24:21.238370Z
1.0,PRODUCT,conceptdrop,PAID,AI-Tools-List (github),http://conceptdrop.com,2026-09-15T12:24:09.421759Z
1.0,PRODUCT,viral-magic-ai,PAID,AI-Tools-List (github),https://viralmagic.ai,2026-09-15T12:24:12.884372Z
1.0,PRODUCT,comment-bounce,PAID,AI-Tools-List (github),https://www.commentbounce.com,2026-09-15T12:24:17.516699Z
1.0,PRODUCT,sphinx-mind,FREEMIUM,AI-Tools-List (github),https://www.sphinxmind.com,2026-09-15T12:24:18.575262Z
1.0,PRODUCT,v-retail,FREEMIUM,AI-Tools-List (github),https://www.vretail.space,2026-09-15T12:24:21.493762Z
1.0,PRODUCT,archie-ai,PAID,AI-Tools-List (github),https://getarchie.ai,2026-09-15T12:24:15.035858Z
1.0,PRODUCT,parallel,PAID,AI-Tools-List (github),https://www.withparallel.ai,2026-09-15T12:24:21.857633Z
1.0,PRODUCT,startupstudio-ai,FREEMIUM,AI-Tools-List (github),https://startupstudio-ai.com,2026-09-15T12:24:24.293729Z
1.0,PRODUCT,adsync-ai-digital-marketing-solutions,PAID,AI-Tools-List (github),https://www.adsyncmarketing.com,2026-09-15T12:24:19.593598Z
1.0,PRODUCT,aiclassifiedhub-com,FREEMIUM,AI-Tools-List (github),https://aiclassifiedhub.com,2026-09-15T12:24:30.561244Z
1.0,PRODUCT,adcaptcha,FREE,AI-Tools-List (github),https://adcaptcha.com,2026-09-15T12:24:29.232998Z
1.0,PRODUCT,adfonic-com,PAID,AI-Tools-List (github),https://adfonic.com,2026-09-15T12:24:26.494683Z
1.0,PRODUCT,ai-solutions-for-smes,PAID,AI-Tools-List (github),https://tekhub.ai,2026-09-15T12:24:24.142302Z
1.0,PRODUCT,adfixer,PAID,AI-Tools-List (github),https://adfixer.com,2026-09-15T12:24:27.288582Z
1.0,PRODUCT,almeta-ml,FREEMIUM,AI-Tools-List (github),https://almeta.cloud,2026-09-15T12:24:34.839439Z
1.0,PRODUCT,og-ai,FREEMIUM,AI-Tools-List (github),https://www.ogmarketing.ai,2026-09-15T12:24:34.903474Z
1.0,PRODUCT,big-tech-company,FREEMIUM,AI-Tools-List (github),https://www.bigtech.company,2026-09-15T12:24:35.075171Z
1.0,PRODUCT,influme,FREEMIUM,AI-Tools-List (github),https://www.influme.io,2026-09-15T12:24:35.129177Z
1.0,PRODUCT,amplifiles,PAID,AI-Tools-List (github),https://www.amplifiles.ai,2026-09-15T12:24:29.017600Z
1.0,PRODUCT,lydo,PAID,AI-Tools-List (github),https://lydo.io,2026-09-15T12:24:31.779270Z
1.0,PRODUCT,learn-prompting-pro,PAID,AI-Tools-List (github),https://learnprompting.pro,2026-09-15T12:24:31.193240Z
1.0,PRODUCT,playstrict,FREEMIUM,AI-Tools-List (github),https://playstrict.com,2026-09-15T12:24:33.659520Z
1.0,PRODUCT,seo-content-assistant-by-searchatlas,FREEMIUM,AI-Tools-List (github),https://dashboard.searchatlas.com/register,2026-09-15T12:24:38.898166Z
1.0,PRODUCT,ai-commerce-content-platform-by-akool,FREEMIUM,AI-Tools-List (github),https://akool.com/,2026-09-15T12:24:38.860476Z
1.0,PRODUCT,ceeya-ai,FREEMIUM,AI-Tools-List (github),https://home.ceeya.io,2026-09-15T12:24:33.089198Z
1.0,PRODUCT,neuwo,PAID,AI-Tools-List (github),https://neuwo.ai,2026-09-15T12:24:36.054731Z
1.0,PRODUCT,quaffle,FREE,AI-Tools-List (github),https://www.quaffle.app,2026-09-15T12:24:40.990683Z
1.0,PRODUCT,askmetric,FREEMIUM,AI-Tools-List (github),https://www.askmetric.com,2026-09-15T12:24:41.795828Z
1.0,PRODUCT,treebrain-ai-for-shopify-amazon-fba,FREEMIUM,AI-Tools-List (github),https://treebrain.ai,2026-09-15T12:24:38.744148Z
1.0,PRODUCT,uncleoptimizer,FREEMIUM,AI-Tools-List (github),https://www.uncleoptimizer.com,2026-09-15T12:24:44.111820Z
1.0,PRODUCT,raqiai,FREEMIUM,AI-Tools-List (github),https://www.raqiai.com,2026-09-15T12:24:44.144123Z
1.0,PRODUCT,dezan-cc,PAID,AI-Tools-List (github),https://dezan.cc,2026-09-15T12:24:35.430656Z
1.0,PRODUCT,dailyreach,PAID,AI-Tools-List (github),https://dailyreach.co,2026-09-15T12:24:37.667841Z
1.0,PRODUCT,netcapz,PAID,AI-Tools-List (github),https://netcapz.cloud,2026-09-15T12:24:40.185842Z
1.0,PRODUCT,gotomarket-ai,FREEMIUM,AI-Tools-List (github),https://www.gotomarket-ai.com,2026-09-15T12:24:43.209884Z
1.0,PRODUCT,insight-bridge,FREEMIUM,AI-Tools-List (github),https://www.insight-bridge.com,2026-09-15T12:24:45.214422Z
1.0,PRODUCT,botads,FREEMIUM,AI-Tools-List (github),https://botads.ai,2026-09-15T12:24:48.383963Z
1.0,PRODUCT,biglypages,FREEMIUM,AI-Tools-List (github),https://biglypage.com,2026-09-15T12:24:48.553929Z
1.0,PRODUCT,present-app,FREEMIUM,AI-Tools-List (github),https://www.trypresentapp.com,2026-09-15T12:24:48.641882Z
1.0,PRODUCT,giveawayai,FREEMIUM,AI-Tools-List (github),https://giveawayai.org,2026-09-15T12:24:47.648043Z
1.0,PRODUCT,dropscale-com,PAID,AI-Tools-List (github),https://dropscale.com,2026-09-15T12:24:46.395097Z
1.0,PRODUCT,ai-powered-digital-marketing,PAID,AI-Tools-List (github),https://aionomy.com,2026-09-15T12:24:42.317996Z
1.0,PRODUCT,adintell,FREE,AI-Tools-List (github),https://adintelli.ai,2026-09-15T12:24:52.102596Z
1.0,PRODUCT,bearkd-com,PAID,AI-Tools-List (github),https://bearkd.com,2026-09-15T12:24:44.497919Z
1.0,PRODUCT,uniqin-ai,FREEMIUM,AI-Tools-List (github),https://uniqin.ai,2026-09-15T12:24:53.140616Z
1.0,PRODUCT,gena,FREEMIUM,AI-Tools-List (github),https://gena.realpha.com,2026-09-15T12:24:53.485270Z
1.0,PRODUCT,smartreply-ai,FREEMIUM,AI-Tools-List (github),https://www.inchargeads.com/smartreply-get-started,2026-09-15T12:24:49.981780Z
1.0,PRODUCT,affmedios-com,PAID,AI-Tools-List (github),https://affmedios.com,2026-09-15T12:24:54.475317Z
1.0,PRODUCT,voyager1-ai,PAID,AI-Tools-List (github),https://voyager1.ai,2026-09-15T12:24:51.105221Z
1.0,PRODUCT,clickmoat,FREEMIUM,AI-Tools-List (github),https://clickmoat.com,2026-09-15T12:24:57.332099Z
1.0,PRODUCT,syntos-ai,FREE,AI-Tools-List (github),https://syntos.ai,2026-09-15T12:24:48.879885Z
1.0,PRODUCT,ai-experts-top,ENTERPRISE,AI-Tools-List (github),https://aiexperts.top,2026-09-15T12:24:53.221017Z
1.0,PRODUCT,dubbah-co,PAID,AI-Tools-List (github),https://dubbah.co/,2026-09-15T12:25:01.307369Z
1.0,PRODUCT,pocketdeals,FREE,AI-Tools-List (github),https://pocketdeals.io,2026-09-15T12:24:56.856020Z
1.0,PRODUCT,orblitzz,PAID,AI-Tools-List (github),https://orblitzz.com,2026-09-15T12:25:26.186771Z
1.0,PRODUCT,heenok-brfly,FREE,AI-Tools-List (github),https://brfly.us,2026-09-15T12:25:04.122810Z
1.0,PRODUCT,revmore,PAID,AI-Tools-List (github),https://revmore.io,2026-09-15T12:24:57.688471Z
1.0,PRODUCT,automateclips,PAID,AI-Tools-List (github),https://www.AutomateClips.com,2026-09-15T12:25:01.226916Z
1.0,PRODUCT,opulli,PAID,AI-Tools-List (github),https://www.opulli.com,2026-09-15T12:25:05.973484Z
1.0,PRODUCT,raisen-org,FREE,AI-Tools-List (github),https://raisen.org,2026-09-15T12:25:09.044251Z
1.0,PRODUCT,sms-tactic,PAID,AI-Tools-List (github),https://link.smstactic.com/toolify,2026-09-15T12:24:55.429185Z
1.0,PRODUCT,adlamp,PAID,AI-Tools-List (github),https://www.adlamp.co,2026-09-15T12:25:09.113763Z
1.0,PRODUCT,pathex,ENTERPRISE,AI-Tools-List (github),https://www.pathex.io,2026-09-15T12:25:05.247321Z
1.0,PRODUCT,mentionmaster,FREE,AI-Tools-List (github),https://mentionmaster.net,2026-09-15T12:25:41.751256Z
1.0,PRODUCT,grro,FREEMIUM,AI-Tools-List (github),https://grro.xyz,2026-09-15T12:25:41.772629Z
1.0,PRODUCT,weinstareply,PAID,AI-Tools-List (github),https://weinstareply.com,2026-09-15T12:25:15.647919Z
1.0,PRODUCT,launchshortcut,PAID,AI-Tools-List (github),https://www.launchshortcut.com,2026-09-15T12:25:24.731951Z
1.0,PRODUCT,its-bot,ENTERPRISE,AI-Tools-List (github),https://itsbot.ai,2026-09-15T12:25:20.383707Z
1.0,PRODUCT,edgylabs-com,PAID,AI-Tools-List (github),https://edgylabs.com,2026-09-15T12:25:11.725189Z
1.0,PRODUCT,neurologic-com-br,FREEMIUM,AI-Tools-List (github),https://neurologic.com.br,2026-09-15T12:25:22.486361Z
1.0,PRODUCT,turbocomment,FREEMIUM,AI-Tools-List (github),https://turbocomment.com,2026-09-15T12:25:40.934381Z
1.0,PRODUCT,inpwrd-com,ENTERPRISE,AI-Tools-List (github),https://inpwrd.com,2026-09-15T12:25:35.163053Z
1.0,PRODUCT,metamuse,PAID,AI-Tools-List (github),https://metamuse.marketing,2026-09-15T12:25:20.195354Z
1.0,PRODUCT,fyx-ai,PAID,AI-Tools-List (github),https://fyx.ai,2026-09-15T12:25:32.763897Z
1.0,PRODUCT,ads-copilot,PAID,AI-Tools-List (github),https://adscopilot.io,2026-09-15T12:25:27.539275Z
1.0,PRODUCT,simba,PAID,AI-Tools-List (github),https://withsimba.com,2026-09-15T12:25:38.303065Z
1.0,PRODUCT,proxy-booster,PAID,AI-Tools-List (github),https://proxybooster.net,2026-09-15T12:25:43.977049Z
1.0,PRODUCT,hippomod,FREEMIUM,AI-Tools-List (github),https://hippomod.com,2026-09-15T12:25:31.853463Z
1.0,PRODUCT,genvibe-ai,ENTERPRISE,AI-Tools-List (github),https://genvibeai.com,2026-09-15T12:25:46.097892Z
1.0,PRODUCT,askppc,FREEMIUM,AI-Tools-List (github),https://askppc.net,2026-09-15T12:25:47.723918Z
1.0,PRODUCT,promast,PAID,AI-Tools-List (github),https://www.x-plus.vip,2026-09-15T12:25:48.670069Z
1.0,PRODUCT,datadripper,FREEMIUM,AI-Tools-List (github),https://datadripper.ai,2026-09-15T12:25:48.682477Z
1.0,PRODUCT,banrboard,PAID,AI-Tools-List (github),https://banrboard.com,2026-09-15T12:25:41.791749Z
1.0,PRODUCT,admentary,PAID,AI-Tools-List (github),https://www.admentary.com,2026-09-15T12:25:49.837943Z
1.0,PRODUCT,smartwebi,FREEMIUM,AI-Tools-List (github),https://smartwebi.in,2026-09-15T12:25:50.367752Z
1.0,PRODUCT,lovable-games,FREE,AI-Tools-List (github),https://lovablegames.com,2026-09-15T12:25:48.059591Z
1.0,PRODUCT,authenticity-leads,PAID,AI-Tools-List (github),https://app.authenticityleads.com/register,2026-09-15T12:25:50.616836Z
1.0,PRODUCT,hypebridge,PAID,AI-Tools-List (github),https://thehypebridge.com,2026-09-15T12:25:50.604300Z
1.0,PRODUCT,agentmark,FREEMIUM,AI-Tools-List (github),https://agentmark.ai,2026-09-15T12:25:51.241596Z
1.0,PRODUCT,head-ai-alpha,PAID,AI-Tools-List (github),https://headai.io,2026-09-15T12:25:50.146243Z
1.0,PRODUCT,runrly,FREEMIUM,AI-Tools-List (github),https://www.runrly.com,2026-09-15T12:25:54.027773Z
1.0,PRODUCT,joylink,FREEMIUM,AI-Tools-List (github),https://joylink.io/,2026-09-15T12:25:54.078576Z
1.0,PRODUCT,syllaby,FREEMIUM,AI-Tools-List (github),https://syllaby.io/,2026-09-15T12:25:54.625901Z
1.0,PRODUCT,dittin-ai,FREEMIUM,AI-Tools-List (github),https://dittin.ai/,2026-09-15T12:25:54.591650Z
1.0,PRODUCT,pillar,FREEMIUM,AI-Tools-List (github),https://pillar.io,2026-09-15T12:25:53.275709Z
1.0,PRODUCT,dreamlike-art,FREE,AI-Tools-List (github),https://lnpfog9tzw.lemonsqueezy.com/,2026-09-15T12:25:56.630565Z
1.0,PRODUCT,aijourney,FREE,AI-Tools-List (github),https://aijourney.so,2026-09-15T12:25:56.282767Z
1.0,PRODUCT,lasso,FREEMIUM,AI-Tools-List (github),https://getlasso.co,2026-09-15T12:25:56.938274Z
1.0,PRODUCT,chatgpt-toolbox,FREE,AI-Tools-List (github),https://ai-toolbox.co,2026-09-15T12:25:56.853472Z
1.0,PRODUCT,affpilot-ai,FREEMIUM,AI-Tools-List (github),https://app.affpilot.com/signup/ja1pel87,2026-09-15T12:25:59.327848Z
1.0,PRODUCT,reditus,PAID,AI-Tools-List (github),https://www.getreditus.com/,2026-09-15T12:26:01.961449Z
1.0,PRODUCT,swifty,ENTERPRISE,AI-Tools-List (github),https://www.swifty.so,2026-09-15T12:25:59.805054Z
1.0,PRODUCT,evolup,FREEMIUM,AI-Tools-List (github),https://evolup.com/,2026-09-15T12:25:57.385620Z
1.0,PRODUCT,mailvio-com,FREEMIUM,AI-Tools-List (github),https://paykstrt.com/47223/153495,2026-09-15T12:25:55.172057Z
1.0,PRODUCT,affistash-com,FREEMIUM,AI-Tools-List (github),https://affistash.com/,2026-09-15T12:26:04.820108Z
1.0,PRODUCT,find-affiliates,FREEMIUM,AI-Tools-List (github),https://findaffiliates.online,2026-09-15T12:26:04.989041Z
1.0,PRODUCT,deepmode-ai,PAID,AI-Tools-List (github),https://deepmode.ai,2026-09-15T12:26:01.916594Z
1.0,PRODUCT,deeto,PAID,AI-Tools-List (github),https://www.deeto.ai,2026-09-15T12:26:07.101082Z
1.0,PRODUCT,rize-capital,FREEMIUM,AI-Tools-List (github),https://rize.capital,2026-09-15T12:26:06.719990Z
1.0,PRODUCT,trend-ai-tools,FREEMIUM,AI-Tools-List (github),https://trendaitools.com,2026-09-15T12:26:06.607921Z
1.0,PRODUCT,aliexpress-image-search,FREEMIUM,AI-Tools-List (github),https://www.aliexpressimagesearch.com,2026-09-15T12:26:07.059090Z
1.0,PRODUCT,norby-ai,FREEMIUM,AI-Tools-List (github),https://chat.norby.io/signup,2026-09-15T12:26:04.934286Z
1.0,PRODUCT,ivee,ENTERPRISE,AI-Tools-List (github),https://ivee.so,2026-09-15T12:26:09.469982Z
1.0,PRODUCT,dawn,FREEMIUM,AI-Tools-List (github),https://www.dawnaistudy.com,2026-09-15T12:26:04.743869Z
1.0,PRODUCT,heartstring-ai,FREE,AI-Tools-List (github),https://heartstring.ai,2026-09-15T12:26:07.070977Z
